CANCER STEM CELL,FIBROBLAST
CANCER STEM CELL,STEM CELL
CANCER STEM CELL,PARAFOLLICULAR CELL
CANCER STEM CELL,T CELL
CANCER STEM CELL,ENDOTHELIAL CELL
CANCER STEM CELL,MACROPHAGE
CANCER STEM CELL,B CELL
CANCER STEM CELL,EPITHELIAL CELL
CANCER STEM CELL,MYELOID CELL
CANCER STEM CELL,FOLLICULAR CELL
CANCER STEM CELL,NORMAL FOLLICULAR CELL
CANCER STEM CELL,THYROID CELL
FIBROBLAST,CANCER STEM CELL
FIBROBLAST,STEM CELL
FIBROBLAST,PARAFOLLICULAR CELL
FIBROBLAST,T CELL
FIBROBLAST,ENDOTHELIAL CELL
FIBROBLAST,MACROPHAGE
FIBROBLAST,B CELL
FIBROBLAST,EPITHELIAL CELL
FIBROBLAST,MYELOID CELL
FIBROBLAST,FOLLICULAR CELL
FIBROBLAST,NORMAL FOLLICULAR CELL
FIBROBLAST,THYROID CELL
STEM CELL,CANCER STEM CELL
STEM CELL,FIBROBLAST
STEM CELL,PARAFOLLICULAR CELL
STEM CELL,T CELL
STEM CELL,ENDOTHELIAL CELL
STEM CELL,MACROPHAGE
STEM CELL,B CELL
STEM CELL,EPITHELIAL CELL
STEM CELL,MYELOID CELL
STEM CELL,FOLLICULAR CELL
STEM CELL,NORMAL FOLLICULAR CELL
STEM CELL,THYROID CELL
PARAFOLLICULAR CELL,CANCER STEM CELL
PARAFOLLICULAR CELL,FIBROBLAST
PARAFOLLICULAR CELL,STEM CELL
PARAFOLLICULAR CELL,T CELL
PARAFOLLICULAR CELL,ENDOTHELIAL CELL
PARAFOLLICULAR CELL,MACROPHAGE
PARAFOLLICULAR CELL,B CELL
PARAFOLLICULAR CELL,EPITHELIAL CELL
PARAFOLLICULAR CELL,MYELOID CELL
PARAFOLLICULAR CELL,FOLLICULAR CELL
PARAFOLLICULAR CELL,NORMAL FOLLICULAR CELL
PARAFOLLICULAR CELL,THYROID CELL
T CELL,CANCER STEM CELL
T CELL,FIBROBLAST
T CELL,STEM CELL
T CELL,PARAFOLLICULAR CELL
T CELL,ENDOTHELIAL CELL
T CELL,MACROPHAGE
T CELL,B CELL
T CELL,EPITHELIAL CELL
T CELL,MYELOID CELL
T CELL,FOLLICULAR CELL
T CELL,NORMAL FOLLICULAR CELL
T CELL,THYROID CELL
ENDOTHELIAL CELL,CANCER STEM CELL
ENDOTHELIAL CELL,FIBROBLAST
ENDOTHELIAL CELL,STEM CELL
ENDOTHELIAL CELL,PARAFOLLICULAR CELL
ENDOTHELIAL CELL,T CELL
ENDOTHELIAL CELL,MACROPHAGE
ENDOTHELIAL CELL,B CELL
ENDOTHELIAL CELL,EPITHELIAL CELL
ENDOTHELIAL CELL,MYELOID CELL
ENDOTHELIAL CELL,FOLLICULAR CELL
ENDOTHELIAL CELL,NORMAL FOLLICULAR CELL
ENDOTHELIAL CELL,THYROID CELL
MACROPHAGE,CANCER STEM CELL
MACROPHAGE,FIBROBLAST
MACROPHAGE,STEM CELL
MACROPHAGE,PARAFOLLICULAR CELL
MACROPHAGE,T CELL
MACROPHAGE,ENDOTHELIAL CELL
MACROPHAGE,B CELL
MACROPHAGE,EPITHELIAL CELL
MACROPHAGE,MYELOID CELL
MACROPHAGE,FOLLICULAR CELL
MACROPHAGE,NORMAL FOLLICULAR CELL
MACROPHAGE,THYROID CELL
B CELL,CANCER STEM CELL
B CELL,FIBROBLAST
B CELL,STEM CELL
B CELL,PARAFOLLICULAR CELL
B CELL,T CELL
B CELL,ENDOTHELIAL CELL
B CELL,MACROPHAGE
B CELL,EPITHELIAL CELL
B CELL,MYELOID CELL
B CELL,FOLLICULAR CELL
B CELL,NORMAL FOLLICULAR CELL
B CELL,THYROID CELL
EPITHELIAL CELL,CANCER STEM CELL
EPITHELIAL CELL,FIBROBLAST
EPITHELIAL CELL,STEM CELL
EPITHELIAL CELL,PARAFOLLICULAR CELL
EPITHELIAL CELL,T CELL
EPITHELIAL CELL,ENDOTHELIAL CELL
EPITHELIAL CELL,MACROPHAGE
EPITHELIAL CELL,B CELL
EPITHELIAL CELL,MYELOID CELL
EPITHELIAL CELL,FOLLICULAR CELL
EPITHELIAL CELL,NORMAL FOLLICULAR CELL
EPITHELIAL CELL,THYROID CELL
MYELOID CELL,CANCER STEM CELL
MYELOID CELL,FIBROBLAST
MYELOID CELL,STEM CELL
MYELOID CELL,PARAFOLLICULAR CELL
MYELOID CELL,T CELL
MYELOID CELL,ENDOTHELIAL CELL
MYELOID CELL,MACROPHAGE
MYELOID CELL,B CELL
MYELOID CELL,EPITHELIAL CELL
MYELOID CELL,FOLLICULAR CELL
MYELOID CELL,NORMAL FOLLICULAR CELL
MYELOID CELL,THYROID CELL
FOLLICULAR CELL,CANCER STEM CELL
FOLLICULAR CELL,FIBROBLAST
FOLLICULAR CELL,STEM CELL
FOLLICULAR CELL,PARAFOLLICULAR CELL
FOLLICULAR CELL,T CELL
FOLLICULAR CELL,ENDOTHELIAL CELL
FOLLICULAR CELL,MACROPHAGE
FOLLICULAR CELL,B CELL
FOLLICULAR CELL,EPITHELIAL CELL
FOLLICULAR CELL,MYELOID CELL
FOLLICULAR CELL,NORMAL FOLLICULAR CELL
FOLLICULAR CELL,THYROID CELL
NORMAL FOLLICULAR CELL,CANCER STEM CELL
NORMAL FOLLICULAR CELL,FIBROBLAST
NORMAL FOLLICULAR CELL,STEM CELL
NORMAL FOLLICULAR CELL,PARAFOLLICULAR CELL
NORMAL FOLLICULAR CELL,T CELL
NORMAL FOLLICULAR CELL,ENDOTHELIAL CELL
NORMAL FOLLICULAR CELL,MACROPHAGE
NORMAL FOLLICULAR CELL,B CELL
NORMAL FOLLICULAR CELL,EPITHELIAL CELL
NORMAL FOLLICULAR CELL,MYELOID CELL
NORMAL FOLLICULAR CELL,FOLLICULAR CELL
NORMAL FOLLICULAR CELL,THYROID CELL
THYROID CELL,CANCER STEM CELL
THYROID CELL,FIBROBLAST
THYROID CELL,STEM CELL
THYROID CELL,PARAFOLLICULAR CELL
THYROID CELL,T CELL
THYROID CELL,ENDOTHELIAL CELL
THYROID CELL,MACROPHAGE
THYROID CELL,B CELL
THYROID CELL,EPITHELIAL CELL
THYROID CELL,MYELOID CELL
THYROID CELL,FOLLICULAR CELL
THYROID CELL,NORMAL FOLLICULAR CELL
