URETHELIAL CELL,CANCER-ASSOCIATED FIBROBLAST
URETHELIAL CELL,MYOFIBROBLAST
URETHELIAL CELL,SMOOTH MUSCLE CELL
URETHELIAL CELL,CANCER STEM CELL
URETHELIAL CELL,CANCER CELL
URETHELIAL CELL,PROSTATE CELL
URETHELIAL CELL,M2 MACROPHAGE
URETHELIAL CELL,FIBROBLAST
URETHELIAL CELL,M1 MACROPHAGE
URETHELIAL CELL,DENDRITIC CELL
URETHELIAL CELL,MONOCYTE
URETHELIAL CELL,B CELL
URETHELIAL CELL,FOLLICULAR DENDRITIC CELL
URETHELIAL CELL,LYMPHOID CELL
URETHELIAL CELL,T CELL
URETHELIAL CELL,TUMOR-INFILTRATING LYMPHOCYTE(TIL)
URETHELIAL CELL,ENDOTHELIAL CELL
URETHELIAL CELL,EPITHELIAL CELL
URETHELIAL CELL,NATURAL KILLER CELL
URETHELIAL CELL,NEUTROPHIL
URETHELIAL CELL,PAN-MACROPHAGE
URETHELIAL CELL,TUMOR-ASSOCIATED MACROPHAGE (TAM)
URETHELIAL CELL,FOLLICULAR B CELL
URETHELIAL CELL,CYTOTOXIC T CELL
URETHELIAL CELL,CROSS-PRESENTING DENDRITIC CELL
URETHELIAL CELL,INFLAMMATORY CANCER-ASSOCIATED FIBROBLAST (ICAF)
URETHELIAL CELL,MYELOID CELL
URETHELIAL CELL,EXHAUSTED CD8+ T CELL
URETHELIAL CELL,REGULATORY T(TREG) CELL
URETHELIAL CELL,CYCLING EPITHELIAL CELL
URETHELIAL CELL,LUMINAL CELL
URETHELIAL CELL,UROTHELIAL CELL
URETHELIAL CELL,NEURON
URETHELIAL CELL,BASAL CELL
URETHELIAL CELL,UMBRELLA CELL
URETHELIAL CELL,MAST CELL
URETHELIAL CELL,INTERSTITIAL CELL
URETHELIAL CELL,LYMPHATIC ENDOTHELIAL CELL
URETHELIAL CELL,NONPATHOGENIC T HELPER 17(TH17) CELL
URETHELIAL CELL,MYOFIBROBLASTIC CANCER-ASSOCIATED FIBROBLAST (MYCAF)
URETHELIAL CELL,STEM CELL
URETHELIAL CELL,NAIVE CELL
URETHELIAL CELL,PROLIFERATING MYELOID CELL
URETHELIAL CELL,UROTHELIUM CELL
CANCER-ASSOCIATED FIBROBLAST,URETHELIAL CELL
CANCER-ASSOCIATED FIBROBLAST,MYOFIBROBLAST
CANCER-ASSOCIATED FIBROBLAST,SMOOTH MUSCLE CELL
CANCER-ASSOCIATED FIBROBLAST,CANCER STEM CELL
CANCER-ASSOCIATED FIBROBLAST,CANCER CELL
CANCER-ASSOCIATED FIBROBLAST,PROSTATE CELL
CANCER-ASSOCIATED FIBROBLAST,M2 MACROPHAGE
CANCER-ASSOCIATED FIBROBLAST,FIBROBLAST
CANCER-ASSOCIATED FIBROBLAST,M1 MACROPHAGE
CANCER-ASSOCIATED FIBROBLAST,DENDRITIC CELL
CANCER-ASSOCIATED FIBROBLAST,MONOCYTE
CANCER-ASSOCIATED FIBROBLAST,B CELL
CANCER-ASSOCIATED FIBROBLAST,FOLLICULAR DENDRITIC CELL
CANCER-ASSOCIATED FIBROBLAST,LYMPHOID CELL
CANCER-ASSOCIATED FIBROBLAST,T CELL
CANCER-ASSOCIATED FIBROBLAST,TUMOR-INFILTRATING LYMPHOCYTE(TIL)
CANCER-ASSOCIATED FIBROBLAST,ENDOTHELIAL CELL
CANCER-ASSOCIATED FIBROBLAST,EPITHELIAL CELL
CANCER-ASSOCIATED FIBROBLAST,NATURAL KILLER CELL
CANCER-ASSOCIATED FIBROBLAST,NEUTROPHIL
CANCER-ASSOCIATED FIBROBLAST,PAN-MACROPHAGE
CANCER-ASSOCIATED FIBROBLAST,TUMOR-ASSOCIATED MACROPHAGE (TAM)
CANCER-ASSOCIATED FIBROBLAST,FOLLICULAR B CELL
CANCER-ASSOCIATED FIBROBLAST,CYTOTOXIC T CELL
CANCER-ASSOCIATED FIBROBLAST,CROSS-PRESENTING DENDRITIC CELL
CANCER-ASSOCIATED FIBROBLAST,INFLAMMATORY CANCER-ASSOCIATED FIBROBLAST (ICAF)
CANCER-ASSOCIATED FIBROBLAST,MYELOID CELL
CANCER-ASSOCIATED FIBROBLAST,EXHAUSTED CD8+ T CELL
CANCER-ASSOCIATED FIBROBLAST,REGULATORY T(TREG) CELL
CANCER-ASSOCIATED FIBROBLAST,CYCLING EPITHELIAL CELL
CANCER-ASSOCIATED FIBROBLAST,LUMINAL CELL
CANCER-ASSOCIATED FIBROBLAST,UROTHELIAL CELL
CANCER-ASSOCIATED FIBROBLAST,NEURON
CANCER-ASSOCIATED FIBROBLAST,BASAL CELL
CANCER-ASSOCIATED FIBROBLAST,UMBRELLA CELL
CANCER-ASSOCIATED FIBROBLAST,MAST CELL
CANCER-ASSOCIATED FIBROBLAST,INTERSTITIAL CELL
CANCER-ASSOCIATED FIBROBLAST,LYMPHATIC ENDOTHELIAL CELL
CANCER-ASSOCIATED FIBROBLAST,NONPATHOGENIC T HELPER 17(TH17) CELL
CANCER-ASSOCIATED FIBROBLAST,MYOFIBROBLASTIC CANCER-ASSOCIATED FIBROBLAST (MYCAF)
CANCER-ASSOCIATED FIBROBLAST,STEM CELL
CANCER-ASSOCIATED FIBROBLAST,NAIVE CELL
CANCER-ASSOCIATED FIBROBLAST,PROLIFERATING MYELOID CELL
CANCER-ASSOCIATED FIBROBLAST,UROTHELIUM CELL
MYOFIBROBLAST,URETHELIAL CELL
MYOFIBROBLAST,CANCER-ASSOCIATED FIBROBLAST
MYOFIBROBLAST,SMOOTH MUSCLE CELL
MYOFIBROBLAST,CANCER STEM CELL
MYOFIBROBLAST,CANCER CELL
MYOFIBROBLAST,PROSTATE CELL
MYOFIBROBLAST,M2 MACROPHAGE
MYOFIBROBLAST,FIBROBLAST
MYOFIBROBLAST,M1 MACROPHAGE
MYOFIBROBLAST,DENDRITIC CELL
MYOFIBROBLAST,MONOCYTE
MYOFIBROBLAST,B CELL
MYOFIBROBLAST,FOLLICULAR DENDRITIC CELL
MYOFIBROBLAST,LYMPHOID CELL
MYOFIBROBLAST,T CELL
MYOFIBROBLAST,TUMOR-INFILTRATING LYMPHOCYTE(TIL)
MYOFIBROBLAST,ENDOTHELIAL CELL
MYOFIBROBLAST,EPITHELIAL CELL
MYOFIBROBLAST,NATURAL KILLER CELL
MYOFIBROBLAST,NEUTROPHIL
MYOFIBROBLAST,PAN-MACROPHAGE
MYOFIBROBLAST,TUMOR-ASSOCIATED MACROPHAGE (TAM)
MYOFIBROBLAST,FOLLICULAR B CELL
MYOFIBROBLAST,CYTOTOXIC T CELL
MYOFIBROBLAST,CROSS-PRESENTING DENDRITIC CELL
MYOFIBROBLAST,INFLAMMATORY CANCER-ASSOCIATED FIBROBLAST (ICAF)
MYOFIBROBLAST,MYELOID CELL
MYOFIBROBLAST,EXHAUSTED CD8+ T CELL
MYOFIBROBLAST,REGULATORY T(TREG) CELL
MYOFIBROBLAST,CYCLING EPITHELIAL CELL
MYOFIBROBLAST,LUMINAL CELL
MYOFIBROBLAST,UROTHELIAL CELL
MYOFIBROBLAST,NEURON
MYOFIBROBLAST,BASAL CELL
MYOFIBROBLAST,UMBRELLA CELL
MYOFIBROBLAST,MAST CELL
MYOFIBROBLAST,INTERSTITIAL CELL
MYOFIBROBLAST,LYMPHATIC ENDOTHELIAL CELL
MYOFIBROBLAST,NONPATHOGENIC T HELPER 17(TH17) CELL
MYOFIBROBLAST,MYOFIBROBLASTIC CANCER-ASSOCIATED FIBROBLAST (MYCAF)
MYOFIBROBLAST,STEM CELL
MYOFIBROBLAST,NAIVE CELL
MYOFIBROBLAST,PROLIFERATING MYELOID CELL
MYOFIBROBLAST,UROTHELIUM CELL
SMOOTH MUSCLE CELL,URETHELIAL CELL
SMOOTH MUSCLE CELL,CANCER-ASSOCIATED FIBROBLAST
SMOOTH MUSCLE CELL,MYOFIBROBLAST
SMOOTH MUSCLE CELL,CANCER STEM CELL
SMOOTH MUSCLE CELL,CANCER CELL
SMOOTH MUSCLE CELL,PROSTATE CELL
SMOOTH MUSCLE CELL,M2 MACROPHAGE
SMOOTH MUSCLE CELL,FIBROBLAST
SMOOTH MUSCLE CELL,M1 MACROPHAGE
SMOOTH MUSCLE CELL,DENDRITIC CELL
SMOOTH MUSCLE CELL,MONOCYTE
SMOOTH MUSCLE CELL,B CELL
SMOOTH MUSCLE CELL,FOLLICULAR DENDRITIC CELL
SMOOTH MUSCLE CELL,LYMPHOID CELL
SMOOTH MUSCLE CELL,T CELL
SMOOTH MUSCLE CELL,TUMOR-INFILTRATING LYMPHOCYTE(TIL)
SMOOTH MUSCLE CELL,ENDOTHELIAL CELL
SMOOTH MUSCLE CELL,EPITHELIAL CELL
SMOOTH MUSCLE CELL,NATURAL KILLER CELL
SMOOTH MUSCLE CELL,NEUTROPHIL
SMOOTH MUSCLE CELL,PAN-MACROPHAGE
SMOOTH MUSCLE CELL,TUMOR-ASSOCIATED MACROPHAGE (TAM)
SMOOTH MUSCLE CELL,FOLLICULAR B CELL
SMOOTH MUSCLE CELL,CYTOTOXIC T CELL
SMOOTH MUSCLE CELL,CROSS-PRESENTING DENDRITIC CELL
SMOOTH MUSCLE CELL,INFLAMMATORY CANCER-ASSOCIATED FIBROBLAST (ICAF)
SMOOTH MUSCLE CELL,MYELOID CELL
SMOOTH MUSCLE CELL,EXHAUSTED CD8+ T CELL
SMOOTH MUSCLE CELL,REGULATORY T(TREG) CELL
SMOOTH MUSCLE CELL,CYCLING EPITHELIAL CELL
SMOOTH MUSCLE CELL,LUMINAL CELL
SMOOTH MUSCLE CELL,UROTHELIAL CELL
SMOOTH MUSCLE CELL,NEURON
SMOOTH MUSCLE CELL,BASAL CELL
SMOOTH MUSCLE CELL,UMBRELLA CELL
SMOOTH MUSCLE CELL,MAST CELL
SMOOTH MUSCLE CELL,INTERSTITIAL CELL
SMOOTH MUSCLE CELL,LYMPHATIC ENDOTHELIAL CELL
SMOOTH MUSCLE CELL,NONPATHOGENIC T HELPER 17(TH17) CELL
SMOOTH MUSCLE CELL,MYOFIBROBLASTIC CANCER-ASSOCIATED FIBROBLAST (MYCAF)
SMOOTH MUSCLE CELL,STEM CELL
SMOOTH MUSCLE CELL,NAIVE CELL
SMOOTH MUSCLE CELL,PROLIFERATING MYELOID CELL
SMOOTH MUSCLE CELL,UROTHELIUM CELL
CANCER STEM CELL,URETHELIAL CELL
CANCER STEM CELL,CANCER-ASSOCIATED FIBROBLAST
CANCER STEM CELL,MYOFIBROBLAST
CANCER STEM CELL,SMOOTH MUSCLE CELL
CANCER STEM CELL,CANCER CELL
CANCER STEM CELL,PROSTATE CELL
CANCER STEM CELL,M2 MACROPHAGE
CANCER STEM CELL,FIBROBLAST
CANCER STEM CELL,M1 MACROPHAGE
CANCER STEM CELL,DENDRITIC CELL
CANCER STEM CELL,MONOCYTE
CANCER STEM CELL,B CELL
CANCER STEM CELL,FOLLICULAR DENDRITIC CELL
CANCER STEM CELL,LYMPHOID CELL
CANCER STEM CELL,T CELL
CANCER STEM CELL,TUMOR-INFILTRATING LYMPHOCYTE(TIL)
CANCER STEM CELL,ENDOTHELIAL CELL
CANCER STEM CELL,EPITHELIAL CELL
CANCER STEM CELL,NATURAL KILLER CELL
CANCER STEM CELL,NEUTROPHIL
CANCER STEM CELL,PAN-MACROPHAGE
CANCER STEM CELL,TUMOR-ASSOCIATED MACROPHAGE (TAM)
CANCER STEM CELL,FOLLICULAR B CELL
CANCER STEM CELL,CYTOTOXIC T CELL
CANCER STEM CELL,CROSS-PRESENTING DENDRITIC CELL
CANCER STEM CELL,INFLAMMATORY CANCER-ASSOCIATED FIBROBLAST (ICAF)
CANCER STEM CELL,MYELOID CELL
CANCER STEM CELL,EXHAUSTED CD8+ T CELL
CANCER STEM CELL,REGULATORY T(TREG) CELL
CANCER STEM CELL,CYCLING EPITHELIAL CELL
CANCER STEM CELL,LUMINAL CELL
CANCER STEM CELL,UROTHELIAL CELL
CANCER STEM CELL,NEURON
CANCER STEM CELL,BASAL CELL
CANCER STEM CELL,UMBRELLA CELL
CANCER STEM CELL,MAST CELL
CANCER STEM CELL,INTERSTITIAL CELL
CANCER STEM CELL,LYMPHATIC ENDOTHELIAL CELL
CANCER STEM CELL,NONPATHOGENIC T HELPER 17(TH17) CELL
CANCER STEM CELL,MYOFIBROBLASTIC CANCER-ASSOCIATED FIBROBLAST (MYCAF)
CANCER STEM CELL,STEM CELL
CANCER STEM CELL,NAIVE CELL
CANCER STEM CELL,PROLIFERATING MYELOID CELL
CANCER STEM CELL,UROTHELIUM CELL
CANCER CELL,URETHELIAL CELL
CANCER CELL,CANCER-ASSOCIATED FIBROBLAST
CANCER CELL,MYOFIBROBLAST
CANCER CELL,SMOOTH MUSCLE CELL
CANCER CELL,CANCER STEM CELL
CANCER CELL,PROSTATE CELL
CANCER CELL,M2 MACROPHAGE
CANCER CELL,FIBROBLAST
CANCER CELL,M1 MACROPHAGE
CANCER CELL,DENDRITIC CELL
CANCER CELL,MONOCYTE
CANCER CELL,B CELL
CANCER CELL,FOLLICULAR DENDRITIC CELL
CANCER CELL,LYMPHOID CELL
CANCER CELL,T CELL
CANCER CELL,TUMOR-INFILTRATING LYMPHOCYTE(TIL)
CANCER CELL,ENDOTHELIAL CELL
CANCER CELL,EPITHELIAL CELL
CANCER CELL,NATURAL KILLER CELL
CANCER CELL,NEUTROPHIL
CANCER CELL,PAN-MACROPHAGE
CANCER CELL,TUMOR-ASSOCIATED MACROPHAGE (TAM)
CANCER CELL,FOLLICULAR B CELL
CANCER CELL,CYTOTOXIC T CELL
CANCER CELL,CROSS-PRESENTING DENDRITIC CELL
CANCER CELL,INFLAMMATORY CANCER-ASSOCIATED FIBROBLAST (ICAF)
CANCER CELL,MYELOID CELL
CANCER CELL,EXHAUSTED CD8+ T CELL
CANCER CELL,REGULATORY T(TREG) CELL
CANCER CELL,CYCLING EPITHELIAL CELL
CANCER CELL,LUMINAL CELL
CANCER CELL,UROTHELIAL CELL
CANCER CELL,NEURON
CANCER CELL,BASAL CELL
CANCER CELL,UMBRELLA CELL
CANCER CELL,MAST CELL
CANCER CELL,INTERSTITIAL CELL
CANCER CELL,LYMPHATIC ENDOTHELIAL CELL
CANCER CELL,NONPATHOGENIC T HELPER 17(TH17) CELL
CANCER CELL,MYOFIBROBLASTIC CANCER-ASSOCIATED FIBROBLAST (MYCAF)
CANCER CELL,STEM CELL
CANCER CELL,NAIVE CELL
CANCER CELL,PROLIFERATING MYELOID CELL
CANCER CELL,UROTHELIUM CELL
PROSTATE CELL,URETHELIAL CELL
PROSTATE CELL,CANCER-ASSOCIATED FIBROBLAST
PROSTATE CELL,MYOFIBROBLAST
PROSTATE CELL,SMOOTH MUSCLE CELL
PROSTATE CELL,CANCER STEM CELL
PROSTATE CELL,CANCER CELL
PROSTATE CELL,M2 MACROPHAGE
PROSTATE CELL,FIBROBLAST
PROSTATE CELL,M1 MACROPHAGE
PROSTATE CELL,DENDRITIC CELL
PROSTATE CELL,MONOCYTE
PROSTATE CELL,B CELL
PROSTATE CELL,FOLLICULAR DENDRITIC CELL
PROSTATE CELL,LYMPHOID CELL
PROSTATE CELL,T CELL
PROSTATE CELL,TUMOR-INFILTRATING LYMPHOCYTE(TIL)
PROSTATE CELL,ENDOTHELIAL CELL
PROSTATE CELL,EPITHELIAL CELL
PROSTATE CELL,NATURAL KILLER CELL
PROSTATE CELL,NEUTROPHIL
PROSTATE CELL,PAN-MACROPHAGE
PROSTATE CELL,TUMOR-ASSOCIATED MACROPHAGE (TAM)
PROSTATE CELL,FOLLICULAR B CELL
PROSTATE CELL,CYTOTOXIC T CELL
PROSTATE CELL,CROSS-PRESENTING DENDRITIC CELL
PROSTATE CELL,INFLAMMATORY CANCER-ASSOCIATED FIBROBLAST (ICAF)
PROSTATE CELL,MYELOID CELL
PROSTATE CELL,EXHAUSTED CD8+ T CELL
PROSTATE CELL,REGULATORY T(TREG) CELL
PROSTATE CELL,CYCLING EPITHELIAL CELL
PROSTATE CELL,LUMINAL CELL
PROSTATE CELL,UROTHELIAL CELL
PROSTATE CELL,NEURON
PROSTATE CELL,BASAL CELL
PROSTATE CELL,UMBRELLA CELL
PROSTATE CELL,MAST CELL
PROSTATE CELL,INTERSTITIAL CELL
PROSTATE CELL,LYMPHATIC ENDOTHELIAL CELL
PROSTATE CELL,NONPATHOGENIC T HELPER 17(TH17) CELL
PROSTATE CELL,MYOFIBROBLASTIC CANCER-ASSOCIATED FIBROBLAST (MYCAF)
PROSTATE CELL,STEM CELL
PROSTATE CELL,NAIVE CELL
PROSTATE CELL,PROLIFERATING MYELOID CELL
PROSTATE CELL,UROTHELIUM CELL
M2 MACROPHAGE,URETHELIAL CELL
M2 MACROPHAGE,CANCER-ASSOCIATED FIBROBLAST
M2 MACROPHAGE,MYOFIBROBLAST
M2 MACROPHAGE,SMOOTH MUSCLE CELL
M2 MACROPHAGE,CANCER STEM CELL
M2 MACROPHAGE,CANCER CELL
M2 MACROPHAGE,PROSTATE CELL
M2 MACROPHAGE,FIBROBLAST
M2 MACROPHAGE,M1 MACROPHAGE
M2 MACROPHAGE,DENDRITIC CELL
M2 MACROPHAGE,MONOCYTE
M2 MACROPHAGE,B CELL
M2 MACROPHAGE,FOLLICULAR DENDRITIC CELL
M2 MACROPHAGE,LYMPHOID CELL
M2 MACROPHAGE,T CELL
M2 MACROPHAGE,TUMOR-INFILTRATING LYMPHOCYTE(TIL)
M2 MACROPHAGE,ENDOTHELIAL CELL
M2 MACROPHAGE,EPITHELIAL CELL
M2 MACROPHAGE,NATURAL KILLER CELL
M2 MACROPHAGE,NEUTROPHIL
M2 MACROPHAGE,PAN-MACROPHAGE
M2 MACROPHAGE,TUMOR-ASSOCIATED MACROPHAGE (TAM)
M2 MACROPHAGE,FOLLICULAR B CELL
M2 MACROPHAGE,CYTOTOXIC T CELL
M2 MACROPHAGE,CROSS-PRESENTING DENDRITIC CELL
M2 MACROPHAGE,INFLAMMATORY CANCER-ASSOCIATED FIBROBLAST (ICAF)
M2 MACROPHAGE,MYELOID CELL
M2 MACROPHAGE,EXHAUSTED CD8+ T CELL
M2 MACROPHAGE,REGULATORY T(TREG) CELL
M2 MACROPHAGE,CYCLING EPITHELIAL CELL
M2 MACROPHAGE,LUMINAL CELL
M2 MACROPHAGE,UROTHELIAL CELL
M2 MACROPHAGE,NEURON
M2 MACROPHAGE,BASAL CELL
M2 MACROPHAGE,UMBRELLA CELL
M2 MACROPHAGE,MAST CELL
M2 MACROPHAGE,INTERSTITIAL CELL
M2 MACROPHAGE,LYMPHATIC ENDOTHELIAL CELL
M2 MACROPHAGE,NONPATHOGENIC T HELPER 17(TH17) CELL
M2 MACROPHAGE,MYOFIBROBLASTIC CANCER-ASSOCIATED FIBROBLAST (MYCAF)
M2 MACROPHAGE,STEM CELL
M2 MACROPHAGE,NAIVE CELL
M2 MACROPHAGE,PROLIFERATING MYELOID CELL
M2 MACROPHAGE,UROTHELIUM CELL
FIBROBLAST,URETHELIAL CELL
FIBROBLAST,CANCER-ASSOCIATED FIBROBLAST
FIBROBLAST,MYOFIBROBLAST
FIBROBLAST,SMOOTH MUSCLE CELL
FIBROBLAST,CANCER STEM CELL
FIBROBLAST,CANCER CELL
FIBROBLAST,PROSTATE CELL
FIBROBLAST,M2 MACROPHAGE
FIBROBLAST,M1 MACROPHAGE
FIBROBLAST,DENDRITIC CELL
FIBROBLAST,MONOCYTE
FIBROBLAST,B CELL
FIBROBLAST,FOLLICULAR DENDRITIC CELL
FIBROBLAST,LYMPHOID CELL
FIBROBLAST,T CELL
FIBROBLAST,TUMOR-INFILTRATING LYMPHOCYTE(TIL)
FIBROBLAST,ENDOTHELIAL CELL
FIBROBLAST,EPITHELIAL CELL
FIBROBLAST,NATURAL KILLER CELL
FIBROBLAST,NEUTROPHIL
FIBROBLAST,PAN-MACROPHAGE
FIBROBLAST,TUMOR-ASSOCIATED MACROPHAGE (TAM)
FIBROBLAST,FOLLICULAR B CELL
FIBROBLAST,CYTOTOXIC T CELL
FIBROBLAST,CROSS-PRESENTING DENDRITIC CELL
FIBROBLAST,INFLAMMATORY CANCER-ASSOCIATED FIBROBLAST (ICAF)
FIBROBLAST,MYELOID CELL
FIBROBLAST,EXHAUSTED CD8+ T CELL
FIBROBLAST,REGULATORY T(TREG) CELL
FIBROBLAST,CYCLING EPITHELIAL CELL
FIBROBLAST,LUMINAL CELL
FIBROBLAST,UROTHELIAL CELL
FIBROBLAST,NEURON
FIBROBLAST,BASAL CELL
FIBROBLAST,UMBRELLA CELL
FIBROBLAST,MAST CELL
FIBROBLAST,INTERSTITIAL CELL
FIBROBLAST,LYMPHATIC ENDOTHELIAL CELL
FIBROBLAST,NONPATHOGENIC T HELPER 17(TH17) CELL
FIBROBLAST,MYOFIBROBLASTIC CANCER-ASSOCIATED FIBROBLAST (MYCAF)
FIBROBLAST,STEM CELL
FIBROBLAST,NAIVE CELL
FIBROBLAST,PROLIFERATING MYELOID CELL
FIBROBLAST,UROTHELIUM CELL
M1 MACROPHAGE,URETHELIAL CELL
M1 MACROPHAGE,CANCER-ASSOCIATED FIBROBLAST
M1 MACROPHAGE,MYOFIBROBLAST
M1 MACROPHAGE,SMOOTH MUSCLE CELL
M1 MACROPHAGE,CANCER STEM CELL
M1 MACROPHAGE,CANCER CELL
M1 MACROPHAGE,PROSTATE CELL
M1 MACROPHAGE,M2 MACROPHAGE
M1 MACROPHAGE,FIBROBLAST
M1 MACROPHAGE,DENDRITIC CELL
M1 MACROPHAGE,MONOCYTE
M1 MACROPHAGE,B CELL
M1 MACROPHAGE,FOLLICULAR DENDRITIC CELL
M1 MACROPHAGE,LYMPHOID CELL
M1 MACROPHAGE,T CELL
M1 MACROPHAGE,TUMOR-INFILTRATING LYMPHOCYTE(TIL)
M1 MACROPHAGE,ENDOTHELIAL CELL
M1 MACROPHAGE,EPITHELIAL CELL
M1 MACROPHAGE,NATURAL KILLER CELL
M1 MACROPHAGE,NEUTROPHIL
M1 MACROPHAGE,PAN-MACROPHAGE
M1 MACROPHAGE,TUMOR-ASSOCIATED MACROPHAGE (TAM)
M1 MACROPHAGE,FOLLICULAR B CELL
M1 MACROPHAGE,CYTOTOXIC T CELL
M1 MACROPHAGE,CROSS-PRESENTING DENDRITIC CELL
M1 MACROPHAGE,INFLAMMATORY CANCER-ASSOCIATED FIBROBLAST (ICAF)
M1 MACROPHAGE,MYELOID CELL
M1 MACROPHAGE,EXHAUSTED CD8+ T CELL
M1 MACROPHAGE,REGULATORY T(TREG) CELL
M1 MACROPHAGE,CYCLING EPITHELIAL CELL
M1 MACROPHAGE,LUMINAL CELL
M1 MACROPHAGE,UROTHELIAL CELL
M1 MACROPHAGE,NEURON
M1 MACROPHAGE,BASAL CELL
M1 MACROPHAGE,UMBRELLA CELL
M1 MACROPHAGE,MAST CELL
M1 MACROPHAGE,INTERSTITIAL CELL
M1 MACROPHAGE,LYMPHATIC ENDOTHELIAL CELL
M1 MACROPHAGE,NONPATHOGENIC T HELPER 17(TH17) CELL
M1 MACROPHAGE,MYOFIBROBLASTIC CANCER-ASSOCIATED FIBROBLAST (MYCAF)
M1 MACROPHAGE,STEM CELL
M1 MACROPHAGE,NAIVE CELL
M1 MACROPHAGE,PROLIFERATING MYELOID CELL
M1 MACROPHAGE,UROTHELIUM CELL
DENDRITIC CELL,URETHELIAL CELL
DENDRITIC CELL,CANCER-ASSOCIATED FIBROBLAST
DENDRITIC CELL,MYOFIBROBLAST
DENDRITIC CELL,SMOOTH MUSCLE CELL
DENDRITIC CELL,CANCER STEM CELL
DENDRITIC CELL,CANCER CELL
DENDRITIC CELL,PROSTATE CELL
DENDRITIC CELL,M2 MACROPHAGE
DENDRITIC CELL,FIBROBLAST
DENDRITIC CELL,M1 MACROPHAGE
DENDRITIC CELL,MONOCYTE
DENDRITIC CELL,B CELL
DENDRITIC CELL,FOLLICULAR DENDRITIC CELL
DENDRITIC CELL,LYMPHOID CELL
DENDRITIC CELL,T CELL
DENDRITIC CELL,TUMOR-INFILTRATING LYMPHOCYTE(TIL)
DENDRITIC CELL,ENDOTHELIAL CELL
DENDRITIC CELL,EPITHELIAL CELL
DENDRITIC CELL,NATURAL KILLER CELL
DENDRITIC CELL,NEUTROPHIL
DENDRITIC CELL,PAN-MACROPHAGE
DENDRITIC CELL,TUMOR-ASSOCIATED MACROPHAGE (TAM)
DENDRITIC CELL,FOLLICULAR B CELL
DENDRITIC CELL,CYTOTOXIC T CELL
DENDRITIC CELL,CROSS-PRESENTING DENDRITIC CELL
DENDRITIC CELL,INFLAMMATORY CANCER-ASSOCIATED FIBROBLAST (ICAF)
DENDRITIC CELL,MYELOID CELL
DENDRITIC CELL,EXHAUSTED CD8+ T CELL
DENDRITIC CELL,REGULATORY T(TREG) CELL
DENDRITIC CELL,CYCLING EPITHELIAL CELL
DENDRITIC CELL,LUMINAL CELL
DENDRITIC CELL,UROTHELIAL CELL
DENDRITIC CELL,NEURON
DENDRITIC CELL,BASAL CELL
DENDRITIC CELL,UMBRELLA CELL
DENDRITIC CELL,MAST CELL
DENDRITIC CELL,INTERSTITIAL CELL
DENDRITIC CELL,LYMPHATIC ENDOTHELIAL CELL
DENDRITIC CELL,NONPATHOGENIC T HELPER 17(TH17) CELL
DENDRITIC CELL,MYOFIBROBLASTIC CANCER-ASSOCIATED FIBROBLAST (MYCAF)
DENDRITIC CELL,STEM CELL
DENDRITIC CELL,NAIVE CELL
DENDRITIC CELL,PROLIFERATING MYELOID CELL
DENDRITIC CELL,UROTHELIUM CELL
MONOCYTE,URETHELIAL CELL
MONOCYTE,CANCER-ASSOCIATED FIBROBLAST
MONOCYTE,MYOFIBROBLAST
MONOCYTE,SMOOTH MUSCLE CELL
MONOCYTE,CANCER STEM CELL
MONOCYTE,CANCER CELL
MONOCYTE,PROSTATE CELL
MONOCYTE,M2 MACROPHAGE
MONOCYTE,FIBROBLAST
MONOCYTE,M1 MACROPHAGE
MONOCYTE,DENDRITIC CELL
MONOCYTE,B CELL
MONOCYTE,FOLLICULAR DENDRITIC CELL
MONOCYTE,LYMPHOID CELL
MONOCYTE,T CELL
MONOCYTE,TUMOR-INFILTRATING LYMPHOCYTE(TIL)
MONOCYTE,ENDOTHELIAL CELL
MONOCYTE,EPITHELIAL CELL
MONOCYTE,NATURAL KILLER CELL
MONOCYTE,NEUTROPHIL
MONOCYTE,PAN-MACROPHAGE
MONOCYTE,TUMOR-ASSOCIATED MACROPHAGE (TAM)
MONOCYTE,FOLLICULAR B CELL
MONOCYTE,CYTOTOXIC T CELL
MONOCYTE,CROSS-PRESENTING DENDRITIC CELL
MONOCYTE,INFLAMMATORY CANCER-ASSOCIATED FIBROBLAST (ICAF)
MONOCYTE,MYELOID CELL
MONOCYTE,EXHAUSTED CD8+ T CELL
MONOCYTE,REGULATORY T(TREG) CELL
MONOCYTE,CYCLING EPITHELIAL CELL
MONOCYTE,LUMINAL CELL
MONOCYTE,UROTHELIAL CELL
MONOCYTE,NEURON
MONOCYTE,BASAL CELL
MONOCYTE,UMBRELLA CELL
MONOCYTE,MAST CELL
MONOCYTE,INTERSTITIAL CELL
MONOCYTE,LYMPHATIC ENDOTHELIAL CELL
MONOCYTE,NONPATHOGENIC T HELPER 17(TH17) CELL
MONOCYTE,MYOFIBROBLASTIC CANCER-ASSOCIATED FIBROBLAST (MYCAF)
MONOCYTE,STEM CELL
MONOCYTE,NAIVE CELL
MONOCYTE,PROLIFERATING MYELOID CELL
MONOCYTE,UROTHELIUM CELL
B CELL,URETHELIAL CELL
B CELL,CANCER-ASSOCIATED FIBROBLAST
B CELL,MYOFIBROBLAST
B CELL,SMOOTH MUSCLE CELL
B CELL,CANCER STEM CELL
B CELL,CANCER CELL
B CELL,PROSTATE CELL
B CELL,M2 MACROPHAGE
B CELL,FIBROBLAST
B CELL,M1 MACROPHAGE
B CELL,DENDRITIC CELL
B CELL,MONOCYTE
B CELL,FOLLICULAR DENDRITIC CELL
B CELL,LYMPHOID CELL
B CELL,T CELL
B CELL,TUMOR-INFILTRATING LYMPHOCYTE(TIL)
B CELL,ENDOTHELIAL CELL
B CELL,EPITHELIAL CELL
B CELL,NATURAL KILLER CELL
B CELL,NEUTROPHIL
B CELL,PAN-MACROPHAGE
B CELL,TUMOR-ASSOCIATED MACROPHAGE (TAM)
B CELL,FOLLICULAR B CELL
B CELL,CYTOTOXIC T CELL
B CELL,CROSS-PRESENTING DENDRITIC CELL
B CELL,INFLAMMATORY CANCER-ASSOCIATED FIBROBLAST (ICAF)
B CELL,MYELOID CELL
B CELL,EXHAUSTED CD8+ T CELL
B CELL,REGULATORY T(TREG) CELL
B CELL,CYCLING EPITHELIAL CELL
B CELL,LUMINAL CELL
B CELL,UROTHELIAL CELL
B CELL,NEURON
B CELL,BASAL CELL
B CELL,UMBRELLA CELL
B CELL,MAST CELL
B CELL,INTERSTITIAL CELL
B CELL,LYMPHATIC ENDOTHELIAL CELL
B CELL,NONPATHOGENIC T HELPER 17(TH17) CELL
B CELL,MYOFIBROBLASTIC CANCER-ASSOCIATED FIBROBLAST (MYCAF)
B CELL,STEM CELL
B CELL,NAIVE CELL
B CELL,PROLIFERATING MYELOID CELL
B CELL,UROTHELIUM CELL
FOLLICULAR DENDRITIC CELL,URETHELIAL CELL
FOLLICULAR DENDRITIC CELL,CANCER-ASSOCIATED FIBROBLAST
FOLLICULAR DENDRITIC CELL,MYOFIBROBLAST
FOLLICULAR DENDRITIC CELL,SMOOTH MUSCLE CELL
FOLLICULAR DENDRITIC CELL,CANCER STEM CELL
FOLLICULAR DENDRITIC CELL,CANCER CELL
FOLLICULAR DENDRITIC CELL,PROSTATE CELL
FOLLICULAR DENDRITIC CELL,M2 MACROPHAGE
FOLLICULAR DENDRITIC CELL,FIBROBLAST
FOLLICULAR DENDRITIC CELL,M1 MACROPHAGE
FOLLICULAR DENDRITIC CELL,DENDRITIC CELL
FOLLICULAR DENDRITIC CELL,MONOCYTE
FOLLICULAR DENDRITIC CELL,B CELL
FOLLICULAR DENDRITIC CELL,LYMPHOID CELL
FOLLICULAR DENDRITIC CELL,T CELL
FOLLICULAR DENDRITIC CELL,TUMOR-INFILTRATING LYMPHOCYTE(TIL)
FOLLICULAR DENDRITIC CELL,ENDOTHELIAL CELL
FOLLICULAR DENDRITIC CELL,EPITHELIAL CELL
FOLLICULAR DENDRITIC CELL,NATURAL KILLER CELL
FOLLICULAR DENDRITIC CELL,NEUTROPHIL
FOLLICULAR DENDRITIC CELL,PAN-MACROPHAGE
FOLLICULAR DENDRITIC CELL,TUMOR-ASSOCIATED MACROPHAGE (TAM)
FOLLICULAR DENDRITIC CELL,FOLLICULAR B CELL
FOLLICULAR DENDRITIC CELL,CYTOTOXIC T CELL
FOLLICULAR DENDRITIC CELL,CROSS-PRESENTING DENDRITIC CELL
FOLLICULAR DENDRITIC CELL,INFLAMMATORY CANCER-ASSOCIATED FIBROBLAST (ICAF)
FOLLICULAR DENDRITIC CELL,MYELOID CELL
FOLLICULAR DENDRITIC CELL,EXHAUSTED CD8+ T CELL
FOLLICULAR DENDRITIC CELL,REGULATORY T(TREG) CELL
FOLLICULAR DENDRITIC CELL,CYCLING EPITHELIAL CELL
FOLLICULAR DENDRITIC CELL,LUMINAL CELL
FOLLICULAR DENDRITIC CELL,UROTHELIAL CELL
FOLLICULAR DENDRITIC CELL,NEURON
FOLLICULAR DENDRITIC CELL,BASAL CELL
FOLLICULAR DENDRITIC CELL,UMBRELLA CELL
FOLLICULAR DENDRITIC CELL,MAST CELL
FOLLICULAR DENDRITIC CELL,INTERSTITIAL CELL
FOLLICULAR DENDRITIC CELL,LYMPHATIC ENDOTHELIAL CELL
FOLLICULAR DENDRITIC CELL,NONPATHOGENIC T HELPER 17(TH17) CELL
FOLLICULAR DENDRITIC CELL,MYOFIBROBLASTIC CANCER-ASSOCIATED FIBROBLAST (MYCAF)
FOLLICULAR DENDRITIC CELL,STEM CELL
FOLLICULAR DENDRITIC CELL,NAIVE CELL
FOLLICULAR DENDRITIC CELL,PROLIFERATING MYELOID CELL
FOLLICULAR DENDRITIC CELL,UROTHELIUM CELL
LYMPHOID CELL,URETHELIAL CELL
LYMPHOID CELL,CANCER-ASSOCIATED FIBROBLAST
LYMPHOID CELL,MYOFIBROBLAST
LYMPHOID CELL,SMOOTH MUSCLE CELL
LYMPHOID CELL,CANCER STEM CELL
LYMPHOID CELL,CANCER CELL
LYMPHOID CELL,PROSTATE CELL
LYMPHOID CELL,M2 MACROPHAGE
LYMPHOID CELL,FIBROBLAST
LYMPHOID CELL,M1 MACROPHAGE
LYMPHOID CELL,DENDRITIC CELL
LYMPHOID CELL,MONOCYTE
LYMPHOID CELL,B CELL
LYMPHOID CELL,FOLLICULAR DENDRITIC CELL
LYMPHOID CELL,T CELL
LYMPHOID CELL,TUMOR-INFILTRATING LYMPHOCYTE(TIL)
LYMPHOID CELL,ENDOTHELIAL CELL
LYMPHOID CELL,EPITHELIAL CELL
LYMPHOID CELL,NATURAL KILLER CELL
LYMPHOID CELL,NEUTROPHIL
LYMPHOID CELL,PAN-MACROPHAGE
LYMPHOID CELL,TUMOR-ASSOCIATED MACROPHAGE (TAM)
LYMPHOID CELL,FOLLICULAR B CELL
LYMPHOID CELL,CYTOTOXIC T CELL
LYMPHOID CELL,CROSS-PRESENTING DENDRITIC CELL
LYMPHOID CELL,INFLAMMATORY CANCER-ASSOCIATED FIBROBLAST (ICAF)
LYMPHOID CELL,MYELOID CELL
LYMPHOID CELL,EXHAUSTED CD8+ T CELL
LYMPHOID CELL,REGULATORY T(TREG) CELL
LYMPHOID CELL,CYCLING EPITHELIAL CELL
LYMPHOID CELL,LUMINAL CELL
LYMPHOID CELL,UROTHELIAL CELL
LYMPHOID CELL,NEURON
LYMPHOID CELL,BASAL CELL
LYMPHOID CELL,UMBRELLA CELL
LYMPHOID CELL,MAST CELL
LYMPHOID CELL,INTERSTITIAL CELL
LYMPHOID CELL,LYMPHATIC ENDOTHELIAL CELL
LYMPHOID CELL,NONPATHOGENIC T HELPER 17(TH17) CELL
LYMPHOID CELL,MYOFIBROBLASTIC CANCER-ASSOCIATED FIBROBLAST (MYCAF)
LYMPHOID CELL,STEM CELL
LYMPHOID CELL,NAIVE CELL
LYMPHOID CELL,PROLIFERATING MYELOID CELL
LYMPHOID CELL,UROTHELIUM CELL
T CELL,URETHELIAL CELL
T CELL,CANCER-ASSOCIATED FIBROBLAST
T CELL,MYOFIBROBLAST
T CELL,SMOOTH MUSCLE CELL
T CELL,CANCER STEM CELL
T CELL,CANCER CELL
T CELL,PROSTATE CELL
T CELL,M2 MACROPHAGE
T CELL,FIBROBLAST
T CELL,M1 MACROPHAGE
T CELL,DENDRITIC CELL
T CELL,MONOCYTE
T CELL,B CELL
T CELL,FOLLICULAR DENDRITIC CELL
T CELL,LYMPHOID CELL
T CELL,TUMOR-INFILTRATING LYMPHOCYTE(TIL)
T CELL,ENDOTHELIAL CELL
T CELL,EPITHELIAL CELL
T CELL,NATURAL KILLER CELL
T CELL,NEUTROPHIL
T CELL,PAN-MACROPHAGE
T CELL,TUMOR-ASSOCIATED MACROPHAGE (TAM)
T CELL,FOLLICULAR B CELL
T CELL,CYTOTOXIC T CELL
T CELL,CROSS-PRESENTING DENDRITIC CELL
T CELL,INFLAMMATORY CANCER-ASSOCIATED FIBROBLAST (ICAF)
T CELL,MYELOID CELL
T CELL,EXHAUSTED CD8+ T CELL
T CELL,REGULATORY T(TREG) CELL
T CELL,CYCLING EPITHELIAL CELL
T CELL,LUMINAL CELL
T CELL,UROTHELIAL CELL
T CELL,NEURON
T CELL,BASAL CELL
T CELL,UMBRELLA CELL
T CELL,MAST CELL
T CELL,INTERSTITIAL CELL
T CELL,LYMPHATIC ENDOTHELIAL CELL
T CELL,NONPATHOGENIC T HELPER 17(TH17) CELL
T CELL,MYOFIBROBLASTIC CANCER-ASSOCIATED FIBROBLAST (MYCAF)
T CELL,STEM CELL
T CELL,NAIVE CELL
T CELL,PROLIFERATING MYELOID CELL
T CELL,UROTHELIUM CELL
TUMOR-INFILTRATING LYMPHOCYTE(TIL),URETHELIAL CELL
TUMOR-INFILTRATING LYMPHOCYTE(TIL),CANCER-ASSOCIATED FIBROBLAST
TUMOR-INFILTRATING LYMPHOCYTE(TIL),MYOFIBROBLAST
TUMOR-INFILTRATING LYMPHOCYTE(TIL),SMOOTH MUSCLE CELL
TUMOR-INFILTRATING LYMPHOCYTE(TIL),CANCER STEM CELL
TUMOR-INFILTRATING LYMPHOCYTE(TIL),CANCER CELL
TUMOR-INFILTRATING LYMPHOCYTE(TIL),PROSTATE CELL
TUMOR-INFILTRATING LYMPHOCYTE(TIL),M2 MACROPHAGE
TUMOR-INFILTRATING LYMPHOCYTE(TIL),FIBROBLAST
TUMOR-INFILTRATING LYMPHOCYTE(TIL),M1 MACROPHAGE
TUMOR-INFILTRATING LYMPHOCYTE(TIL),DENDRITIC CELL
TUMOR-INFILTRATING LYMPHOCYTE(TIL),MONOCYTE
TUMOR-INFILTRATING LYMPHOCYTE(TIL),B CELL
TUMOR-INFILTRATING LYMPHOCYTE(TIL),FOLLICULAR DENDRITIC CELL
TUMOR-INFILTRATING LYMPHOCYTE(TIL),LYMPHOID CELL
TUMOR-INFILTRATING LYMPHOCYTE(TIL),T CELL
TUMOR-INFILTRATING LYMPHOCYTE(TIL),ENDOTHELIAL CELL
TUMOR-INFILTRATING LYMPHOCYTE(TIL),EPITHELIAL CELL
TUMOR-INFILTRATING LYMPHOCYTE(TIL),NATURAL KILLER CELL
TUMOR-INFILTRATING LYMPHOCYTE(TIL),NEUTROPHIL
TUMOR-INFILTRATING LYMPHOCYTE(TIL),PAN-MACROPHAGE
TUMOR-INFILTRATING LYMPHOCYTE(TIL),TUMOR-ASSOCIATED MACROPHAGE (TAM)
TUMOR-INFILTRATING LYMPHOCYTE(TIL),FOLLICULAR B CELL
TUMOR-INFILTRATING LYMPHOCYTE(TIL),CYTOTOXIC T CELL
TUMOR-INFILTRATING LYMPHOCYTE(TIL),CROSS-PRESENTING DENDRITIC CELL
TUMOR-INFILTRATING LYMPHOCYTE(TIL),INFLAMMATORY CANCER-ASSOCIATED FIBROBLAST (ICAF)
TUMOR-INFILTRATING LYMPHOCYTE(TIL),MYELOID CELL
TUMOR-INFILTRATING LYMPHOCYTE(TIL),EXHAUSTED CD8+ T CELL
TUMOR-INFILTRATING LYMPHOCYTE(TIL),REGULATORY T(TREG) CELL
TUMOR-INFILTRATING LYMPHOCYTE(TIL),CYCLING EPITHELIAL CELL
TUMOR-INFILTRATING LYMPHOCYTE(TIL),LUMINAL CELL
TUMOR-INFILTRATING LYMPHOCYTE(TIL),UROTHELIAL CELL
TUMOR-INFILTRATING LYMPHOCYTE(TIL),NEURON
TUMOR-INFILTRATING LYMPHOCYTE(TIL),BASAL CELL
TUMOR-INFILTRATING LYMPHOCYTE(TIL),UMBRELLA CELL
TUMOR-INFILTRATING LYMPHOCYTE(TIL),MAST CELL
TUMOR-INFILTRATING LYMPHOCYTE(TIL),INTERSTITIAL CELL
TUMOR-INFILTRATING LYMPHOCYTE(TIL),LYMPHATIC ENDOTHELIAL CELL
TUMOR-INFILTRATING LYMPHOCYTE(TIL),NONPATHOGENIC T HELPER 17(TH17) CELL
TUMOR-INFILTRATING LYMPHOCYTE(TIL),MYOFIBROBLASTIC CANCER-ASSOCIATED FIBROBLAST (MYCAF)
TUMOR-INFILTRATING LYMPHOCYTE(TIL),STEM CELL
TUMOR-INFILTRATING LYMPHOCYTE(TIL),NAIVE CELL
TUMOR-INFILTRATING LYMPHOCYTE(TIL),PROLIFERATING MYELOID CELL
TUMOR-INFILTRATING LYMPHOCYTE(TIL),UROTHELIUM CELL
ENDOTHELIAL CELL,URETHELIAL CELL
ENDOTHELIAL CELL,CANCER-ASSOCIATED FIBROBLAST
ENDOTHELIAL CELL,MYOFIBROBLAST
ENDOTHELIAL CELL,SMOOTH MUSCLE CELL
ENDOTHELIAL CELL,CANCER STEM CELL
ENDOTHELIAL CELL,CANCER CELL
ENDOTHELIAL CELL,PROSTATE CELL
ENDOTHELIAL CELL,M2 MACROPHAGE
ENDOTHELIAL CELL,FIBROBLAST
ENDOTHELIAL CELL,M1 MACROPHAGE
ENDOTHELIAL CELL,DENDRITIC CELL
ENDOTHELIAL CELL,MONOCYTE
ENDOTHELIAL CELL,B CELL
ENDOTHELIAL CELL,FOLLICULAR DENDRITIC CELL
ENDOTHELIAL CELL,LYMPHOID CELL
ENDOTHELIAL CELL,T CELL
ENDOTHELIAL CELL,TUMOR-INFILTRATING LYMPHOCYTE(TIL)
ENDOTHELIAL CELL,EPITHELIAL CELL
ENDOTHELIAL CELL,NATURAL KILLER CELL
ENDOTHELIAL CELL,NEUTROPHIL
ENDOTHELIAL CELL,PAN-MACROPHAGE
ENDOTHELIAL CELL,TUMOR-ASSOCIATED MACROPHAGE (TAM)
ENDOTHELIAL CELL,FOLLICULAR B CELL
ENDOTHELIAL CELL,CYTOTOXIC T CELL
ENDOTHELIAL CELL,CROSS-PRESENTING DENDRITIC CELL
ENDOTHELIAL CELL,INFLAMMATORY CANCER-ASSOCIATED FIBROBLAST (ICAF)
ENDOTHELIAL CELL,MYELOID CELL
ENDOTHELIAL CELL,EXHAUSTED CD8+ T CELL
ENDOTHELIAL CELL,REGULATORY T(TREG) CELL
ENDOTHELIAL CELL,CYCLING EPITHELIAL CELL
ENDOTHELIAL CELL,LUMINAL CELL
ENDOTHELIAL CELL,UROTHELIAL CELL
ENDOTHELIAL CELL,NEURON
ENDOTHELIAL CELL,BASAL CELL
ENDOTHELIAL CELL,UMBRELLA CELL
ENDOTHELIAL CELL,MAST CELL
ENDOTHELIAL CELL,INTERSTITIAL CELL
ENDOTHELIAL CELL,LYMPHATIC ENDOTHELIAL CELL
ENDOTHELIAL CELL,NONPATHOGENIC T HELPER 17(TH17) CELL
ENDOTHELIAL CELL,MYOFIBROBLASTIC CANCER-ASSOCIATED FIBROBLAST (MYCAF)
ENDOTHELIAL CELL,STEM CELL
ENDOTHELIAL CELL,NAIVE CELL
ENDOTHELIAL CELL,PROLIFERATING MYELOID CELL
ENDOTHELIAL CELL,UROTHELIUM CELL
EPITHELIAL CELL,URETHELIAL CELL
EPITHELIAL CELL,CANCER-ASSOCIATED FIBROBLAST
EPITHELIAL CELL,MYOFIBROBLAST
EPITHELIAL CELL,SMOOTH MUSCLE CELL
EPITHELIAL CELL,CANCER STEM CELL
EPITHELIAL CELL,CANCER CELL
EPITHELIAL CELL,PROSTATE CELL
EPITHELIAL CELL,M2 MACROPHAGE
EPITHELIAL CELL,FIBROBLAST
EPITHELIAL CELL,M1 MACROPHAGE
EPITHELIAL CELL,DENDRITIC CELL
EPITHELIAL CELL,MONOCYTE
EPITHELIAL CELL,B CELL
EPITHELIAL CELL,FOLLICULAR DENDRITIC CELL
EPITHELIAL CELL,LYMPHOID CELL
EPITHELIAL CELL,T CELL
EPITHELIAL CELL,TUMOR-INFILTRATING LYMPHOCYTE(TIL)
EPITHELIAL CELL,ENDOTHELIAL CELL
EPITHELIAL CELL,NATURAL KILLER CELL
EPITHELIAL CELL,NEUTROPHIL
EPITHELIAL CELL,PAN-MACROPHAGE
EPITHELIAL CELL,TUMOR-ASSOCIATED MACROPHAGE (TAM)
EPITHELIAL CELL,FOLLICULAR B CELL
EPITHELIAL CELL,CYTOTOXIC T CELL
EPITHELIAL CELL,CROSS-PRESENTING DENDRITIC CELL
EPITHELIAL CELL,INFLAMMATORY CANCER-ASSOCIATED FIBROBLAST (ICAF)
EPITHELIAL CELL,MYELOID CELL
EPITHELIAL CELL,EXHAUSTED CD8+ T CELL
EPITHELIAL CELL,REGULATORY T(TREG) CELL
EPITHELIAL CELL,CYCLING EPITHELIAL CELL
EPITHELIAL CELL,LUMINAL CELL
EPITHELIAL CELL,UROTHELIAL CELL
EPITHELIAL CELL,NEURON
EPITHELIAL CELL,BASAL CELL
EPITHELIAL CELL,UMBRELLA CELL
EPITHELIAL CELL,MAST CELL
EPITHELIAL CELL,INTERSTITIAL CELL
EPITHELIAL CELL,LYMPHATIC ENDOTHELIAL CELL
EPITHELIAL CELL,NONPATHOGENIC T HELPER 17(TH17) CELL
EPITHELIAL CELL,MYOFIBROBLASTIC CANCER-ASSOCIATED FIBROBLAST (MYCAF)
EPITHELIAL CELL,STEM CELL
EPITHELIAL CELL,NAIVE CELL
EPITHELIAL CELL,PROLIFERATING MYELOID CELL
EPITHELIAL CELL,UROTHELIUM CELL
NATURAL KILLER CELL,URETHELIAL CELL
NATURAL KILLER CELL,CANCER-ASSOCIATED FIBROBLAST
NATURAL KILLER CELL,MYOFIBROBLAST
NATURAL KILLER CELL,SMOOTH MUSCLE CELL
NATURAL KILLER CELL,CANCER STEM CELL
NATURAL KILLER CELL,CANCER CELL
NATURAL KILLER CELL,PROSTATE CELL
NATURAL KILLER CELL,M2 MACROPHAGE
NATURAL KILLER CELL,FIBROBLAST
NATURAL KILLER CELL,M1 MACROPHAGE
NATURAL KILLER CELL,DENDRITIC CELL
NATURAL KILLER CELL,MONOCYTE
NATURAL KILLER CELL,B CELL
NATURAL KILLER CELL,FOLLICULAR DENDRITIC CELL
NATURAL KILLER CELL,LYMPHOID CELL
NATURAL KILLER CELL,T CELL
NATURAL KILLER CELL,TUMOR-INFILTRATING LYMPHOCYTE(TIL)
NATURAL KILLER CELL,ENDOTHELIAL CELL
NATURAL KILLER CELL,EPITHELIAL CELL
NATURAL KILLER CELL,NEUTROPHIL
NATURAL KILLER CELL,PAN-MACROPHAGE
NATURAL KILLER CELL,TUMOR-ASSOCIATED MACROPHAGE (TAM)
NATURAL KILLER CELL,FOLLICULAR B CELL
NATURAL KILLER CELL,CYTOTOXIC T CELL
NATURAL KILLER CELL,CROSS-PRESENTING DENDRITIC CELL
NATURAL KILLER CELL,INFLAMMATORY CANCER-ASSOCIATED FIBROBLAST (ICAF)
NATURAL KILLER CELL,MYELOID CELL
NATURAL KILLER CELL,EXHAUSTED CD8+ T CELL
NATURAL KILLER CELL,REGULATORY T(TREG) CELL
NATURAL KILLER CELL,CYCLING EPITHELIAL CELL
NATURAL KILLER CELL,LUMINAL CELL
NATURAL KILLER CELL,UROTHELIAL CELL
NATURAL KILLER CELL,NEURON
NATURAL KILLER CELL,BASAL CELL
NATURAL KILLER CELL,UMBRELLA CELL
NATURAL KILLER CELL,MAST CELL
NATURAL KILLER CELL,INTERSTITIAL CELL
NATURAL KILLER CELL,LYMPHATIC ENDOTHELIAL CELL
NATURAL KILLER CELL,NONPATHOGENIC T HELPER 17(TH17) CELL
NATURAL KILLER CELL,MYOFIBROBLASTIC CANCER-ASSOCIATED FIBROBLAST (MYCAF)
NATURAL KILLER CELL,STEM CELL
NATURAL KILLER CELL,NAIVE CELL
NATURAL KILLER CELL,PROLIFERATING MYELOID CELL
NATURAL KILLER CELL,UROTHELIUM CELL
NEUTROPHIL,URETHELIAL CELL
NEUTROPHIL,CANCER-ASSOCIATED FIBROBLAST
NEUTROPHIL,MYOFIBROBLAST
NEUTROPHIL,SMOOTH MUSCLE CELL
NEUTROPHIL,CANCER STEM CELL
NEUTROPHIL,CANCER CELL
NEUTROPHIL,PROSTATE CELL
NEUTROPHIL,M2 MACROPHAGE
NEUTROPHIL,FIBROBLAST
NEUTROPHIL,M1 MACROPHAGE
NEUTROPHIL,DENDRITIC CELL
NEUTROPHIL,MONOCYTE
NEUTROPHIL,B CELL
NEUTROPHIL,FOLLICULAR DENDRITIC CELL
NEUTROPHIL,LYMPHOID CELL
NEUTROPHIL,T CELL
NEUTROPHIL,TUMOR-INFILTRATING LYMPHOCYTE(TIL)
NEUTROPHIL,ENDOTHELIAL CELL
NEUTROPHIL,EPITHELIAL CELL
NEUTROPHIL,NATURAL KILLER CELL
NEUTROPHIL,PAN-MACROPHAGE
NEUTROPHIL,TUMOR-ASSOCIATED MACROPHAGE (TAM)
NEUTROPHIL,FOLLICULAR B CELL
NEUTROPHIL,CYTOTOXIC T CELL
NEUTROPHIL,CROSS-PRESENTING DENDRITIC CELL
NEUTROPHIL,INFLAMMATORY CANCER-ASSOCIATED FIBROBLAST (ICAF)
NEUTROPHIL,MYELOID CELL
NEUTROPHIL,EXHAUSTED CD8+ T CELL
NEUTROPHIL,REGULATORY T(TREG) CELL
NEUTROPHIL,CYCLING EPITHELIAL CELL
NEUTROPHIL,LUMINAL CELL
NEUTROPHIL,UROTHELIAL CELL
NEUTROPHIL,NEURON
NEUTROPHIL,BASAL CELL
NEUTROPHIL,UMBRELLA CELL
NEUTROPHIL,MAST CELL
NEUTROPHIL,INTERSTITIAL CELL
NEUTROPHIL,LYMPHATIC ENDOTHELIAL CELL
NEUTROPHIL,NONPATHOGENIC T HELPER 17(TH17) CELL
NEUTROPHIL,MYOFIBROBLASTIC CANCER-ASSOCIATED FIBROBLAST (MYCAF)
NEUTROPHIL,STEM CELL
NEUTROPHIL,NAIVE CELL
NEUTROPHIL,PROLIFERATING MYELOID CELL
NEUTROPHIL,UROTHELIUM CELL
PAN-MACROPHAGE,URETHELIAL CELL
PAN-MACROPHAGE,CANCER-ASSOCIATED FIBROBLAST
PAN-MACROPHAGE,MYOFIBROBLAST
PAN-MACROPHAGE,SMOOTH MUSCLE CELL
PAN-MACROPHAGE,CANCER STEM CELL
PAN-MACROPHAGE,CANCER CELL
PAN-MACROPHAGE,PROSTATE CELL
PAN-MACROPHAGE,M2 MACROPHAGE
PAN-MACROPHAGE,FIBROBLAST
PAN-MACROPHAGE,M1 MACROPHAGE
PAN-MACROPHAGE,DENDRITIC CELL
PAN-MACROPHAGE,MONOCYTE
PAN-MACROPHAGE,B CELL
PAN-MACROPHAGE,FOLLICULAR DENDRITIC CELL
PAN-MACROPHAGE,LYMPHOID CELL
PAN-MACROPHAGE,T CELL
PAN-MACROPHAGE,TUMOR-INFILTRATING LYMPHOCYTE(TIL)
PAN-MACROPHAGE,ENDOTHELIAL CELL
PAN-MACROPHAGE,EPITHELIAL CELL
PAN-MACROPHAGE,NATURAL KILLER CELL
PAN-MACROPHAGE,NEUTROPHIL
PAN-MACROPHAGE,TUMOR-ASSOCIATED MACROPHAGE (TAM)
PAN-MACROPHAGE,FOLLICULAR B CELL
PAN-MACROPHAGE,CYTOTOXIC T CELL
PAN-MACROPHAGE,CROSS-PRESENTING DENDRITIC CELL
PAN-MACROPHAGE,INFLAMMATORY CANCER-ASSOCIATED FIBROBLAST (ICAF)
PAN-MACROPHAGE,MYELOID CELL
PAN-MACROPHAGE,EXHAUSTED CD8+ T CELL
PAN-MACROPHAGE,REGULATORY T(TREG) CELL
PAN-MACROPHAGE,CYCLING EPITHELIAL CELL
PAN-MACROPHAGE,LUMINAL CELL
PAN-MACROPHAGE,UROTHELIAL CELL
PAN-MACROPHAGE,NEURON
PAN-MACROPHAGE,BASAL CELL
PAN-MACROPHAGE,UMBRELLA CELL
PAN-MACROPHAGE,MAST CELL
PAN-MACROPHAGE,INTERSTITIAL CELL
PAN-MACROPHAGE,LYMPHATIC ENDOTHELIAL CELL
PAN-MACROPHAGE,NONPATHOGENIC T HELPER 17(TH17) CELL
PAN-MACROPHAGE,MYOFIBROBLASTIC CANCER-ASSOCIATED FIBROBLAST (MYCAF)
PAN-MACROPHAGE,STEM CELL
PAN-MACROPHAGE,NAIVE CELL
PAN-MACROPHAGE,PROLIFERATING MYELOID CELL
PAN-MACROPHAGE,UROTHELIUM CELL
TUMOR-ASSOCIATED MACROPHAGE (TAM),URETHELIAL CELL
TUMOR-ASSOCIATED MACROPHAGE (TAM),CANCER-ASSOCIATED FIBROBLAST
TUMOR-ASSOCIATED MACROPHAGE (TAM),MYOFIBROBLAST
TUMOR-ASSOCIATED MACROPHAGE (TAM),SMOOTH MUSCLE CELL
TUMOR-ASSOCIATED MACROPHAGE (TAM),CANCER STEM CELL
TUMOR-ASSOCIATED MACROPHAGE (TAM),CANCER CELL
TUMOR-ASSOCIATED MACROPHAGE (TAM),PROSTATE CELL
TUMOR-ASSOCIATED MACROPHAGE (TAM),M2 MACROPHAGE
TUMOR-ASSOCIATED MACROPHAGE (TAM),FIBROBLAST
TUMOR-ASSOCIATED MACROPHAGE (TAM),M1 MACROPHAGE
TUMOR-ASSOCIATED MACROPHAGE (TAM),DENDRITIC CELL
TUMOR-ASSOCIATED MACROPHAGE (TAM),MONOCYTE
TUMOR-ASSOCIATED MACROPHAGE (TAM),B CELL
TUMOR-ASSOCIATED MACROPHAGE (TAM),FOLLICULAR DENDRITIC CELL
TUMOR-ASSOCIATED MACROPHAGE (TAM),LYMPHOID CELL
TUMOR-ASSOCIATED MACROPHAGE (TAM),T CELL
TUMOR-ASSOCIATED MACROPHAGE (TAM),TUMOR-INFILTRATING LYMPHOCYTE(TIL)
TUMOR-ASSOCIATED MACROPHAGE (TAM),ENDOTHELIAL CELL
TUMOR-ASSOCIATED MACROPHAGE (TAM),EPITHELIAL CELL
TUMOR-ASSOCIATED MACROPHAGE (TAM),NATURAL KILLER CELL
TUMOR-ASSOCIATED MACROPHAGE (TAM),NEUTROPHIL
TUMOR-ASSOCIATED MACROPHAGE (TAM),PAN-MACROPHAGE
TUMOR-ASSOCIATED MACROPHAGE (TAM),FOLLICULAR B CELL
TUMOR-ASSOCIATED MACROPHAGE (TAM),CYTOTOXIC T CELL
TUMOR-ASSOCIATED MACROPHAGE (TAM),CROSS-PRESENTING DENDRITIC CELL
TUMOR-ASSOCIATED MACROPHAGE (TAM),INFLAMMATORY CANCER-ASSOCIATED FIBROBLAST (ICAF)
TUMOR-ASSOCIATED MACROPHAGE (TAM),MYELOID CELL
TUMOR-ASSOCIATED MACROPHAGE (TAM),EXHAUSTED CD8+ T CELL
TUMOR-ASSOCIATED MACROPHAGE (TAM),REGULATORY T(TREG) CELL
TUMOR-ASSOCIATED MACROPHAGE (TAM),CYCLING EPITHELIAL CELL
TUMOR-ASSOCIATED MACROPHAGE (TAM),LUMINAL CELL
TUMOR-ASSOCIATED MACROPHAGE (TAM),UROTHELIAL CELL
TUMOR-ASSOCIATED MACROPHAGE (TAM),NEURON
TUMOR-ASSOCIATED MACROPHAGE (TAM),BASAL CELL
TUMOR-ASSOCIATED MACROPHAGE (TAM),UMBRELLA CELL
TUMOR-ASSOCIATED MACROPHAGE (TAM),MAST CELL
TUMOR-ASSOCIATED MACROPHAGE (TAM),INTERSTITIAL CELL
TUMOR-ASSOCIATED MACROPHAGE (TAM),LYMPHATIC ENDOTHELIAL CELL
TUMOR-ASSOCIATED MACROPHAGE (TAM),NONPATHOGENIC T HELPER 17(TH17) CELL
TUMOR-ASSOCIATED MACROPHAGE (TAM),MYOFIBROBLASTIC CANCER-ASSOCIATED FIBROBLAST (MYCAF)
TUMOR-ASSOCIATED MACROPHAGE (TAM),STEM CELL
TUMOR-ASSOCIATED MACROPHAGE (TAM),NAIVE CELL
TUMOR-ASSOCIATED MACROPHAGE (TAM),PROLIFERATING MYELOID CELL
TUMOR-ASSOCIATED MACROPHAGE (TAM),UROTHELIUM CELL
FOLLICULAR B CELL,URETHELIAL CELL
FOLLICULAR B CELL,CANCER-ASSOCIATED FIBROBLAST
FOLLICULAR B CELL,MYOFIBROBLAST
FOLLICULAR B CELL,SMOOTH MUSCLE CELL
FOLLICULAR B CELL,CANCER STEM CELL
FOLLICULAR B CELL,CANCER CELL
FOLLICULAR B CELL,PROSTATE CELL
FOLLICULAR B CELL,M2 MACROPHAGE
FOLLICULAR B CELL,FIBROBLAST
FOLLICULAR B CELL,M1 MACROPHAGE
FOLLICULAR B CELL,DENDRITIC CELL
FOLLICULAR B CELL,MONOCYTE
FOLLICULAR B CELL,B CELL
FOLLICULAR B CELL,FOLLICULAR DENDRITIC CELL
FOLLICULAR B CELL,LYMPHOID CELL
FOLLICULAR B CELL,T CELL
FOLLICULAR B CELL,TUMOR-INFILTRATING LYMPHOCYTE(TIL)
FOLLICULAR B CELL,ENDOTHELIAL CELL
FOLLICULAR B CELL,EPITHELIAL CELL
FOLLICULAR B CELL,NATURAL KILLER CELL
FOLLICULAR B CELL,NEUTROPHIL
FOLLICULAR B CELL,PAN-MACROPHAGE
FOLLICULAR B CELL,TUMOR-ASSOCIATED MACROPHAGE (TAM)
FOLLICULAR B CELL,CYTOTOXIC T CELL
FOLLICULAR B CELL,CROSS-PRESENTING DENDRITIC CELL
FOLLICULAR B CELL,INFLAMMATORY CANCER-ASSOCIATED FIBROBLAST (ICAF)
FOLLICULAR B CELL,MYELOID CELL
FOLLICULAR B CELL,EXHAUSTED CD8+ T CELL
FOLLICULAR B CELL,REGULATORY T(TREG) CELL
FOLLICULAR B CELL,CYCLING EPITHELIAL CELL
FOLLICULAR B CELL,LUMINAL CELL
FOLLICULAR B CELL,UROTHELIAL CELL
FOLLICULAR B CELL,NEURON
FOLLICULAR B CELL,BASAL CELL
FOLLICULAR B CELL,UMBRELLA CELL
FOLLICULAR B CELL,MAST CELL
FOLLICULAR B CELL,INTERSTITIAL CELL
FOLLICULAR B CELL,LYMPHATIC ENDOTHELIAL CELL
FOLLICULAR B CELL,NONPATHOGENIC T HELPER 17(TH17) CELL
FOLLICULAR B CELL,MYOFIBROBLASTIC CANCER-ASSOCIATED FIBROBLAST (MYCAF)
FOLLICULAR B CELL,STEM CELL
FOLLICULAR B CELL,NAIVE CELL
FOLLICULAR B CELL,PROLIFERATING MYELOID CELL
FOLLICULAR B CELL,UROTHELIUM CELL
CYTOTOXIC T CELL,URETHELIAL CELL
CYTOTOXIC T CELL,CANCER-ASSOCIATED FIBROBLAST
CYTOTOXIC T CELL,MYOFIBROBLAST
CYTOTOXIC T CELL,SMOOTH MUSCLE CELL
CYTOTOXIC T CELL,CANCER STEM CELL
CYTOTOXIC T CELL,CANCER CELL
CYTOTOXIC T CELL,PROSTATE CELL
CYTOTOXIC T CELL,M2 MACROPHAGE
CYTOTOXIC T CELL,FIBROBLAST
CYTOTOXIC T CELL,M1 MACROPHAGE
CYTOTOXIC T CELL,DENDRITIC CELL
CYTOTOXIC T CELL,MONOCYTE
CYTOTOXIC T CELL,B CELL
CYTOTOXIC T CELL,FOLLICULAR DENDRITIC CELL
CYTOTOXIC T CELL,LYMPHOID CELL
CYTOTOXIC T CELL,T CELL
CYTOTOXIC T CELL,TUMOR-INFILTRATING LYMPHOCYTE(TIL)
CYTOTOXIC T CELL,ENDOTHELIAL CELL
CYTOTOXIC T CELL,EPITHELIAL CELL
CYTOTOXIC T CELL,NATURAL KILLER CELL
CYTOTOXIC T CELL,NEUTROPHIL
CYTOTOXIC T CELL,PAN-MACROPHAGE
CYTOTOXIC T CELL,TUMOR-ASSOCIATED MACROPHAGE (TAM)
CYTOTOXIC T CELL,FOLLICULAR B CELL
CYTOTOXIC T CELL,CROSS-PRESENTING DENDRITIC CELL
CYTOTOXIC T CELL,INFLAMMATORY CANCER-ASSOCIATED FIBROBLAST (ICAF)
CYTOTOXIC T CELL,MYELOID CELL
CYTOTOXIC T CELL,EXHAUSTED CD8+ T CELL
CYTOTOXIC T CELL,REGULATORY T(TREG) CELL
CYTOTOXIC T CELL,CYCLING EPITHELIAL CELL
CYTOTOXIC T CELL,LUMINAL CELL
CYTOTOXIC T CELL,UROTHELIAL CELL
CYTOTOXIC T CELL,NEURON
CYTOTOXIC T CELL,BASAL CELL
CYTOTOXIC T CELL,UMBRELLA CELL
CYTOTOXIC T CELL,MAST CELL
CYTOTOXIC T CELL,INTERSTITIAL CELL
CYTOTOXIC T CELL,LYMPHATIC ENDOTHELIAL CELL
CYTOTOXIC T CELL,NONPATHOGENIC T HELPER 17(TH17) CELL
CYTOTOXIC T CELL,MYOFIBROBLASTIC CANCER-ASSOCIATED FIBROBLAST (MYCAF)
CYTOTOXIC T CELL,STEM CELL
CYTOTOXIC T CELL,NAIVE CELL
CYTOTOXIC T CELL,PROLIFERATING MYELOID CELL
CYTOTOXIC T CELL,UROTHELIUM CELL
CROSS-PRESENTING DENDRITIC CELL,URETHELIAL CELL
CROSS-PRESENTING DENDRITIC CELL,CANCER-ASSOCIATED FIBROBLAST
CROSS-PRESENTING DENDRITIC CELL,MYOFIBROBLAST
CROSS-PRESENTING DENDRITIC CELL,SMOOTH MUSCLE CELL
CROSS-PRESENTING DENDRITIC CELL,CANCER STEM CELL
CROSS-PRESENTING DENDRITIC CELL,CANCER CELL
CROSS-PRESENTING DENDRITIC CELL,PROSTATE CELL
CROSS-PRESENTING DENDRITIC CELL,M2 MACROPHAGE
CROSS-PRESENTING DENDRITIC CELL,FIBROBLAST
CROSS-PRESENTING DENDRITIC CELL,M1 MACROPHAGE
CROSS-PRESENTING DENDRITIC CELL,DENDRITIC CELL
CROSS-PRESENTING DENDRITIC CELL,MONOCYTE
CROSS-PRESENTING DENDRITIC CELL,B CELL
CROSS-PRESENTING DENDRITIC CELL,FOLLICULAR DENDRITIC CELL
CROSS-PRESENTING DENDRITIC CELL,LYMPHOID CELL
CROSS-PRESENTING DENDRITIC CELL,T CELL
CROSS-PRESENTING DENDRITIC CELL,TUMOR-INFILTRATING LYMPHOCYTE(TIL)
CROSS-PRESENTING DENDRITIC CELL,ENDOTHELIAL CELL
CROSS-PRESENTING DENDRITIC CELL,EPITHELIAL CELL
CROSS-PRESENTING DENDRITIC CELL,NATURAL KILLER CELL
CROSS-PRESENTING DENDRITIC CELL,NEUTROPHIL
CROSS-PRESENTING DENDRITIC CELL,PAN-MACROPHAGE
CROSS-PRESENTING DENDRITIC CELL,TUMOR-ASSOCIATED MACROPHAGE (TAM)
CROSS-PRESENTING DENDRITIC CELL,FOLLICULAR B CELL
CROSS-PRESENTING DENDRITIC CELL,CYTOTOXIC T CELL
CROSS-PRESENTING DENDRITIC CELL,INFLAMMATORY CANCER-ASSOCIATED FIBROBLAST (ICAF)
CROSS-PRESENTING DENDRITIC CELL,MYELOID CELL
CROSS-PRESENTING DENDRITIC CELL,EXHAUSTED CD8+ T CELL
CROSS-PRESENTING DENDRITIC CELL,REGULATORY T(TREG) CELL
CROSS-PRESENTING DENDRITIC CELL,CYCLING EPITHELIAL CELL
CROSS-PRESENTING DENDRITIC CELL,LUMINAL CELL
CROSS-PRESENTING DENDRITIC CELL,UROTHELIAL CELL
CROSS-PRESENTING DENDRITIC CELL,NEURON
CROSS-PRESENTING DENDRITIC CELL,BASAL CELL
CROSS-PRESENTING DENDRITIC CELL,UMBRELLA CELL
CROSS-PRESENTING DENDRITIC CELL,MAST CELL
CROSS-PRESENTING DENDRITIC CELL,INTERSTITIAL CELL
CROSS-PRESENTING DENDRITIC CELL,LYMPHATIC ENDOTHELIAL CELL
CROSS-PRESENTING DENDRITIC CELL,NONPATHOGENIC T HELPER 17(TH17) CELL
CROSS-PRESENTING DENDRITIC CELL,MYOFIBROBLASTIC CANCER-ASSOCIATED FIBROBLAST (MYCAF)
CROSS-PRESENTING DENDRITIC CELL,STEM CELL
CROSS-PRESENTING DENDRITIC CELL,NAIVE CELL
CROSS-PRESENTING DENDRITIC CELL,PROLIFERATING MYELOID CELL
CROSS-PRESENTING DENDRITIC CELL,UROTHELIUM CELL
INFLAMMATORY CANCER-ASSOCIATED FIBROBLAST (ICAF),URETHELIAL CELL
INFLAMMATORY CANCER-ASSOCIATED FIBROBLAST (ICAF),CANCER-ASSOCIATED FIBROBLAST
INFLAMMATORY CANCER-ASSOCIATED FIBROBLAST (ICAF),MYOFIBROBLAST
INFLAMMATORY CANCER-ASSOCIATED FIBROBLAST (ICAF),SMOOTH MUSCLE CELL
INFLAMMATORY CANCER-ASSOCIATED FIBROBLAST (ICAF),CANCER STEM CELL
INFLAMMATORY CANCER-ASSOCIATED FIBROBLAST (ICAF),CANCER CELL
INFLAMMATORY CANCER-ASSOCIATED FIBROBLAST (ICAF),PROSTATE CELL
INFLAMMATORY CANCER-ASSOCIATED FIBROBLAST (ICAF),M2 MACROPHAGE
INFLAMMATORY CANCER-ASSOCIATED FIBROBLAST (ICAF),FIBROBLAST
INFLAMMATORY CANCER-ASSOCIATED FIBROBLAST (ICAF),M1 MACROPHAGE
INFLAMMATORY CANCER-ASSOCIATED FIBROBLAST (ICAF),DENDRITIC CELL
INFLAMMATORY CANCER-ASSOCIATED FIBROBLAST (ICAF),MONOCYTE
INFLAMMATORY CANCER-ASSOCIATED FIBROBLAST (ICAF),B CELL
INFLAMMATORY CANCER-ASSOCIATED FIBROBLAST (ICAF),FOLLICULAR DENDRITIC CELL
INFLAMMATORY CANCER-ASSOCIATED FIBROBLAST (ICAF),LYMPHOID CELL
INFLAMMATORY CANCER-ASSOCIATED FIBROBLAST (ICAF),T CELL
INFLAMMATORY CANCER-ASSOCIATED FIBROBLAST (ICAF),TUMOR-INFILTRATING LYMPHOCYTE(TIL)
INFLAMMATORY CANCER-ASSOCIATED FIBROBLAST (ICAF),ENDOTHELIAL CELL
INFLAMMATORY CANCER-ASSOCIATED FIBROBLAST (ICAF),EPITHELIAL CELL
INFLAMMATORY CANCER-ASSOCIATED FIBROBLAST (ICAF),NATURAL KILLER CELL
INFLAMMATORY CANCER-ASSOCIATED FIBROBLAST (ICAF),NEUTROPHIL
INFLAMMATORY CANCER-ASSOCIATED FIBROBLAST (ICAF),PAN-MACROPHAGE
INFLAMMATORY CANCER-ASSOCIATED FIBROBLAST (ICAF),TUMOR-ASSOCIATED MACROPHAGE (TAM)
INFLAMMATORY CANCER-ASSOCIATED FIBROBLAST (ICAF),FOLLICULAR B CELL
INFLAMMATORY CANCER-ASSOCIATED FIBROBLAST (ICAF),CYTOTOXIC T CELL
INFLAMMATORY CANCER-ASSOCIATED FIBROBLAST (ICAF),CROSS-PRESENTING DENDRITIC CELL
INFLAMMATORY CANCER-ASSOCIATED FIBROBLAST (ICAF),MYELOID CELL
INFLAMMATORY CANCER-ASSOCIATED FIBROBLAST (ICAF),EXHAUSTED CD8+ T CELL
INFLAMMATORY CANCER-ASSOCIATED FIBROBLAST (ICAF),REGULATORY T(TREG) CELL
INFLAMMATORY CANCER-ASSOCIATED FIBROBLAST (ICAF),CYCLING EPITHELIAL CELL
INFLAMMATORY CANCER-ASSOCIATED FIBROBLAST (ICAF),LUMINAL CELL
INFLAMMATORY CANCER-ASSOCIATED FIBROBLAST (ICAF),UROTHELIAL CELL
INFLAMMATORY CANCER-ASSOCIATED FIBROBLAST (ICAF),NEURON
INFLAMMATORY CANCER-ASSOCIATED FIBROBLAST (ICAF),BASAL CELL
INFLAMMATORY CANCER-ASSOCIATED FIBROBLAST (ICAF),UMBRELLA CELL
INFLAMMATORY CANCER-ASSOCIATED FIBROBLAST (ICAF),MAST CELL
INFLAMMATORY CANCER-ASSOCIATED FIBROBLAST (ICAF),INTERSTITIAL CELL
INFLAMMATORY CANCER-ASSOCIATED FIBROBLAST (ICAF),LYMPHATIC ENDOTHELIAL CELL
INFLAMMATORY CANCER-ASSOCIATED FIBROBLAST (ICAF),NONPATHOGENIC T HELPER 17(TH17) CELL
INFLAMMATORY CANCER-ASSOCIATED FIBROBLAST (ICAF),MYOFIBROBLASTIC CANCER-ASSOCIATED FIBROBLAST (MYCAF)
INFLAMMATORY CANCER-ASSOCIATED FIBROBLAST (ICAF),STEM CELL
INFLAMMATORY CANCER-ASSOCIATED FIBROBLAST (ICAF),NAIVE CELL
INFLAMMATORY CANCER-ASSOCIATED FIBROBLAST (ICAF),PROLIFERATING MYELOID CELL
INFLAMMATORY CANCER-ASSOCIATED FIBROBLAST (ICAF),UROTHELIUM CELL
MYELOID CELL,URETHELIAL CELL
MYELOID CELL,CANCER-ASSOCIATED FIBROBLAST
MYELOID CELL,MYOFIBROBLAST
MYELOID CELL,SMOOTH MUSCLE CELL
MYELOID CELL,CANCER STEM CELL
MYELOID CELL,CANCER CELL
MYELOID CELL,PROSTATE CELL
MYELOID CELL,M2 MACROPHAGE
MYELOID CELL,FIBROBLAST
MYELOID CELL,M1 MACROPHAGE
MYELOID CELL,DENDRITIC CELL
MYELOID CELL,MONOCYTE
MYELOID CELL,B CELL
MYELOID CELL,FOLLICULAR DENDRITIC CELL
MYELOID CELL,LYMPHOID CELL
MYELOID CELL,T CELL
MYELOID CELL,TUMOR-INFILTRATING LYMPHOCYTE(TIL)
MYELOID CELL,ENDOTHELIAL CELL
MYELOID CELL,EPITHELIAL CELL
MYELOID CELL,NATURAL KILLER CELL
MYELOID CELL,NEUTROPHIL
MYELOID CELL,PAN-MACROPHAGE
MYELOID CELL,TUMOR-ASSOCIATED MACROPHAGE (TAM)
MYELOID CELL,FOLLICULAR B CELL
MYELOID CELL,CYTOTOXIC T CELL
MYELOID CELL,CROSS-PRESENTING DENDRITIC CELL
MYELOID CELL,INFLAMMATORY CANCER-ASSOCIATED FIBROBLAST (ICAF)
MYELOID CELL,EXHAUSTED CD8+ T CELL
MYELOID CELL,REGULATORY T(TREG) CELL
MYELOID CELL,CYCLING EPITHELIAL CELL
MYELOID CELL,LUMINAL CELL
MYELOID CELL,UROTHELIAL CELL
MYELOID CELL,NEURON
MYELOID CELL,BASAL CELL
MYELOID CELL,UMBRELLA CELL
MYELOID CELL,MAST CELL
MYELOID CELL,INTERSTITIAL CELL
MYELOID CELL,LYMPHATIC ENDOTHELIAL CELL
MYELOID CELL,NONPATHOGENIC T HELPER 17(TH17) CELL
MYELOID CELL,MYOFIBROBLASTIC CANCER-ASSOCIATED FIBROBLAST (MYCAF)
MYELOID CELL,STEM CELL
MYELOID CELL,NAIVE CELL
MYELOID CELL,PROLIFERATING MYELOID CELL
MYELOID CELL,UROTHELIUM CELL
EXHAUSTED CD8+ T CELL,URETHELIAL CELL
EXHAUSTED CD8+ T CELL,CANCER-ASSOCIATED FIBROBLAST
EXHAUSTED CD8+ T CELL,MYOFIBROBLAST
EXHAUSTED CD8+ T CELL,SMOOTH MUSCLE CELL
EXHAUSTED CD8+ T CELL,CANCER STEM CELL
EXHAUSTED CD8+ T CELL,CANCER CELL
EXHAUSTED CD8+ T CELL,PROSTATE CELL
EXHAUSTED CD8+ T CELL,M2 MACROPHAGE
EXHAUSTED CD8+ T CELL,FIBROBLAST
EXHAUSTED CD8+ T CELL,M1 MACROPHAGE
EXHAUSTED CD8+ T CELL,DENDRITIC CELL
EXHAUSTED CD8+ T CELL,MONOCYTE
EXHAUSTED CD8+ T CELL,B CELL
EXHAUSTED CD8+ T CELL,FOLLICULAR DENDRITIC CELL
EXHAUSTED CD8+ T CELL,LYMPHOID CELL
EXHAUSTED CD8+ T CELL,T CELL
EXHAUSTED CD8+ T CELL,TUMOR-INFILTRATING LYMPHOCYTE(TIL)
EXHAUSTED CD8+ T CELL,ENDOTHELIAL CELL
EXHAUSTED CD8+ T CELL,EPITHELIAL CELL
EXHAUSTED CD8+ T CELL,NATURAL KILLER CELL
EXHAUSTED CD8+ T CELL,NEUTROPHIL
EXHAUSTED CD8+ T CELL,PAN-MACROPHAGE
EXHAUSTED CD8+ T CELL,TUMOR-ASSOCIATED MACROPHAGE (TAM)
EXHAUSTED CD8+ T CELL,FOLLICULAR B CELL
EXHAUSTED CD8+ T CELL,CYTOTOXIC T CELL
EXHAUSTED CD8+ T CELL,CROSS-PRESENTING DENDRITIC CELL
EXHAUSTED CD8+ T CELL,INFLAMMATORY CANCER-ASSOCIATED FIBROBLAST (ICAF)
EXHAUSTED CD8+ T CELL,MYELOID CELL
EXHAUSTED CD8+ T CELL,REGULATORY T(TREG) CELL
EXHAUSTED CD8+ T CELL,CYCLING EPITHELIAL CELL
EXHAUSTED CD8+ T CELL,LUMINAL CELL
EXHAUSTED CD8+ T CELL,UROTHELIAL CELL
EXHAUSTED CD8+ T CELL,NEURON
EXHAUSTED CD8+ T CELL,BASAL CELL
EXHAUSTED CD8+ T CELL,UMBRELLA CELL
EXHAUSTED CD8+ T CELL,MAST CELL
EXHAUSTED CD8+ T CELL,INTERSTITIAL CELL
EXHAUSTED CD8+ T CELL,LYMPHATIC ENDOTHELIAL CELL
EXHAUSTED CD8+ T CELL,NONPATHOGENIC T HELPER 17(TH17) CELL
EXHAUSTED CD8+ T CELL,MYOFIBROBLASTIC CANCER-ASSOCIATED FIBROBLAST (MYCAF)
EXHAUSTED CD8+ T CELL,STEM CELL
EXHAUSTED CD8+ T CELL,NAIVE CELL
EXHAUSTED CD8+ T CELL,PROLIFERATING MYELOID CELL
EXHAUSTED CD8+ T CELL,UROTHELIUM CELL
REGULATORY T(TREG) CELL,URETHELIAL CELL
REGULATORY T(TREG) CELL,CANCER-ASSOCIATED FIBROBLAST
REGULATORY T(TREG) CELL,MYOFIBROBLAST
REGULATORY T(TREG) CELL,SMOOTH MUSCLE CELL
REGULATORY T(TREG) CELL,CANCER STEM CELL
REGULATORY T(TREG) CELL,CANCER CELL
REGULATORY T(TREG) CELL,PROSTATE CELL
REGULATORY T(TREG) CELL,M2 MACROPHAGE
REGULATORY T(TREG) CELL,FIBROBLAST
REGULATORY T(TREG) CELL,M1 MACROPHAGE
REGULATORY T(TREG) CELL,DENDRITIC CELL
REGULATORY T(TREG) CELL,MONOCYTE
REGULATORY T(TREG) CELL,B CELL
REGULATORY T(TREG) CELL,FOLLICULAR DENDRITIC CELL
REGULATORY T(TREG) CELL,LYMPHOID CELL
REGULATORY T(TREG) CELL,T CELL
REGULATORY T(TREG) CELL,TUMOR-INFILTRATING LYMPHOCYTE(TIL)
REGULATORY T(TREG) CELL,ENDOTHELIAL CELL
REGULATORY T(TREG) CELL,EPITHELIAL CELL
REGULATORY T(TREG) CELL,NATURAL KILLER CELL
REGULATORY T(TREG) CELL,NEUTROPHIL
REGULATORY T(TREG) CELL,PAN-MACROPHAGE
REGULATORY T(TREG) CELL,TUMOR-ASSOCIATED MACROPHAGE (TAM)
REGULATORY T(TREG) CELL,FOLLICULAR B CELL
REGULATORY T(TREG) CELL,CYTOTOXIC T CELL
REGULATORY T(TREG) CELL,CROSS-PRESENTING DENDRITIC CELL
REGULATORY T(TREG) CELL,INFLAMMATORY CANCER-ASSOCIATED FIBROBLAST (ICAF)
REGULATORY T(TREG) CELL,MYELOID CELL
REGULATORY T(TREG) CELL,EXHAUSTED CD8+ T CELL
REGULATORY T(TREG) CELL,CYCLING EPITHELIAL CELL
REGULATORY T(TREG) CELL,LUMINAL CELL
REGULATORY T(TREG) CELL,UROTHELIAL CELL
REGULATORY T(TREG) CELL,NEURON
REGULATORY T(TREG) CELL,BASAL CELL
REGULATORY T(TREG) CELL,UMBRELLA CELL
REGULATORY T(TREG) CELL,MAST CELL
REGULATORY T(TREG) CELL,INTERSTITIAL CELL
REGULATORY T(TREG) CELL,LYMPHATIC ENDOTHELIAL CELL
REGULATORY T(TREG) CELL,NONPATHOGENIC T HELPER 17(TH17) CELL
REGULATORY T(TREG) CELL,MYOFIBROBLASTIC CANCER-ASSOCIATED FIBROBLAST (MYCAF)
REGULATORY T(TREG) CELL,STEM CELL
REGULATORY T(TREG) CELL,NAIVE CELL
REGULATORY T(TREG) CELL,PROLIFERATING MYELOID CELL
REGULATORY T(TREG) CELL,UROTHELIUM CELL
CYCLING EPITHELIAL CELL,URETHELIAL CELL
CYCLING EPITHELIAL CELL,CANCER-ASSOCIATED FIBROBLAST
CYCLING EPITHELIAL CELL,MYOFIBROBLAST
CYCLING EPITHELIAL CELL,SMOOTH MUSCLE CELL
CYCLING EPITHELIAL CELL,CANCER STEM CELL
CYCLING EPITHELIAL CELL,CANCER CELL
CYCLING EPITHELIAL CELL,PROSTATE CELL
CYCLING EPITHELIAL CELL,M2 MACROPHAGE
CYCLING EPITHELIAL CELL,FIBROBLAST
CYCLING EPITHELIAL CELL,M1 MACROPHAGE
CYCLING EPITHELIAL CELL,DENDRITIC CELL
CYCLING EPITHELIAL CELL,MONOCYTE
CYCLING EPITHELIAL CELL,B CELL
CYCLING EPITHELIAL CELL,FOLLICULAR DENDRITIC CELL
CYCLING EPITHELIAL CELL,LYMPHOID CELL
CYCLING EPITHELIAL CELL,T CELL
CYCLING EPITHELIAL CELL,TUMOR-INFILTRATING LYMPHOCYTE(TIL)
CYCLING EPITHELIAL CELL,ENDOTHELIAL CELL
CYCLING EPITHELIAL CELL,EPITHELIAL CELL
CYCLING EPITHELIAL CELL,NATURAL KILLER CELL
CYCLING EPITHELIAL CELL,NEUTROPHIL
CYCLING EPITHELIAL CELL,PAN-MACROPHAGE
CYCLING EPITHELIAL CELL,TUMOR-ASSOCIATED MACROPHAGE (TAM)
CYCLING EPITHELIAL CELL,FOLLICULAR B CELL
CYCLING EPITHELIAL CELL,CYTOTOXIC T CELL
CYCLING EPITHELIAL CELL,CROSS-PRESENTING DENDRITIC CELL
CYCLING EPITHELIAL CELL,INFLAMMATORY CANCER-ASSOCIATED FIBROBLAST (ICAF)
CYCLING EPITHELIAL CELL,MYELOID CELL
CYCLING EPITHELIAL CELL,EXHAUSTED CD8+ T CELL
CYCLING EPITHELIAL CELL,REGULATORY T(TREG) CELL
CYCLING EPITHELIAL CELL,LUMINAL CELL
CYCLING EPITHELIAL CELL,UROTHELIAL CELL
CYCLING EPITHELIAL CELL,NEURON
CYCLING EPITHELIAL CELL,BASAL CELL
CYCLING EPITHELIAL CELL,UMBRELLA CELL
CYCLING EPITHELIAL CELL,MAST CELL
CYCLING EPITHELIAL CELL,INTERSTITIAL CELL
CYCLING EPITHELIAL CELL,LYMPHATIC ENDOTHELIAL CELL
CYCLING EPITHELIAL CELL,NONPATHOGENIC T HELPER 17(TH17) CELL
CYCLING EPITHELIAL CELL,MYOFIBROBLASTIC CANCER-ASSOCIATED FIBROBLAST (MYCAF)
CYCLING EPITHELIAL CELL,STEM CELL
CYCLING EPITHELIAL CELL,NAIVE CELL
CYCLING EPITHELIAL CELL,PROLIFERATING MYELOID CELL
CYCLING EPITHELIAL CELL,UROTHELIUM CELL
LUMINAL CELL,URETHELIAL CELL
LUMINAL CELL,CANCER-ASSOCIATED FIBROBLAST
LUMINAL CELL,MYOFIBROBLAST
LUMINAL CELL,SMOOTH MUSCLE CELL
LUMINAL CELL,CANCER STEM CELL
LUMINAL CELL,CANCER CELL
LUMINAL CELL,PROSTATE CELL
LUMINAL CELL,M2 MACROPHAGE
LUMINAL CELL,FIBROBLAST
LUMINAL CELL,M1 MACROPHAGE
LUMINAL CELL,DENDRITIC CELL
LUMINAL CELL,MONOCYTE
LUMINAL CELL,B CELL
LUMINAL CELL,FOLLICULAR DENDRITIC CELL
LUMINAL CELL,LYMPHOID CELL
LUMINAL CELL,T CELL
LUMINAL CELL,TUMOR-INFILTRATING LYMPHOCYTE(TIL)
LUMINAL CELL,ENDOTHELIAL CELL
LUMINAL CELL,EPITHELIAL CELL
LUMINAL CELL,NATURAL KILLER CELL
LUMINAL CELL,NEUTROPHIL
LUMINAL CELL,PAN-MACROPHAGE
LUMINAL CELL,TUMOR-ASSOCIATED MACROPHAGE (TAM)
LUMINAL CELL,FOLLICULAR B CELL
LUMINAL CELL,CYTOTOXIC T CELL
LUMINAL CELL,CROSS-PRESENTING DENDRITIC CELL
LUMINAL CELL,INFLAMMATORY CANCER-ASSOCIATED FIBROBLAST (ICAF)
LUMINAL CELL,MYELOID CELL
LUMINAL CELL,EXHAUSTED CD8+ T CELL
LUMINAL CELL,REGULATORY T(TREG) CELL
LUMINAL CELL,CYCLING EPITHELIAL CELL
LUMINAL CELL,UROTHELIAL CELL
LUMINAL CELL,NEURON
LUMINAL CELL,BASAL CELL
LUMINAL CELL,UMBRELLA CELL
LUMINAL CELL,MAST CELL
LUMINAL CELL,INTERSTITIAL CELL
LUMINAL CELL,LYMPHATIC ENDOTHELIAL CELL
LUMINAL CELL,NONPATHOGENIC T HELPER 17(TH17) CELL
LUMINAL CELL,MYOFIBROBLASTIC CANCER-ASSOCIATED FIBROBLAST (MYCAF)
LUMINAL CELL,STEM CELL
LUMINAL CELL,NAIVE CELL
LUMINAL CELL,PROLIFERATING MYELOID CELL
LUMINAL CELL,UROTHELIUM CELL
UROTHELIAL CELL,URETHELIAL CELL
UROTHELIAL CELL,CANCER-ASSOCIATED FIBROBLAST
UROTHELIAL CELL,MYOFIBROBLAST
UROTHELIAL CELL,SMOOTH MUSCLE CELL
UROTHELIAL CELL,CANCER STEM CELL
UROTHELIAL CELL,CANCER CELL
UROTHELIAL CELL,PROSTATE CELL
UROTHELIAL CELL,M2 MACROPHAGE
UROTHELIAL CELL,FIBROBLAST
UROTHELIAL CELL,M1 MACROPHAGE
UROTHELIAL CELL,DENDRITIC CELL
UROTHELIAL CELL,MONOCYTE
UROTHELIAL CELL,B CELL
UROTHELIAL CELL,FOLLICULAR DENDRITIC CELL
UROTHELIAL CELL,LYMPHOID CELL
UROTHELIAL CELL,T CELL
UROTHELIAL CELL,TUMOR-INFILTRATING LYMPHOCYTE(TIL)
UROTHELIAL CELL,ENDOTHELIAL CELL
UROTHELIAL CELL,EPITHELIAL CELL
UROTHELIAL CELL,NATURAL KILLER CELL
UROTHELIAL CELL,NEUTROPHIL
UROTHELIAL CELL,PAN-MACROPHAGE
UROTHELIAL CELL,TUMOR-ASSOCIATED MACROPHAGE (TAM)
UROTHELIAL CELL,FOLLICULAR B CELL
UROTHELIAL CELL,CYTOTOXIC T CELL
UROTHELIAL CELL,CROSS-PRESENTING DENDRITIC CELL
UROTHELIAL CELL,INFLAMMATORY CANCER-ASSOCIATED FIBROBLAST (ICAF)
UROTHELIAL CELL,MYELOID CELL
UROTHELIAL CELL,EXHAUSTED CD8+ T CELL
UROTHELIAL CELL,REGULATORY T(TREG) CELL
UROTHELIAL CELL,CYCLING EPITHELIAL CELL
UROTHELIAL CELL,LUMINAL CELL
UROTHELIAL CELL,NEURON
UROTHELIAL CELL,BASAL CELL
UROTHELIAL CELL,UMBRELLA CELL
UROTHELIAL CELL,MAST CELL
UROTHELIAL CELL,INTERSTITIAL CELL
UROTHELIAL CELL,LYMPHATIC ENDOTHELIAL CELL
UROTHELIAL CELL,NONPATHOGENIC T HELPER 17(TH17) CELL
UROTHELIAL CELL,MYOFIBROBLASTIC CANCER-ASSOCIATED FIBROBLAST (MYCAF)
UROTHELIAL CELL,STEM CELL
UROTHELIAL CELL,NAIVE CELL
UROTHELIAL CELL,PROLIFERATING MYELOID CELL
UROTHELIAL CELL,UROTHELIUM CELL
NEURON,URETHELIAL CELL
NEURON,CANCER-ASSOCIATED FIBROBLAST
NEURON,MYOFIBROBLAST
NEURON,SMOOTH MUSCLE CELL
NEURON,CANCER STEM CELL
NEURON,CANCER CELL
NEURON,PROSTATE CELL
NEURON,M2 MACROPHAGE
NEURON,FIBROBLAST
NEURON,M1 MACROPHAGE
NEURON,DENDRITIC CELL
NEURON,MONOCYTE
NEURON,B CELL
NEURON,FOLLICULAR DENDRITIC CELL
NEURON,LYMPHOID CELL
NEURON,T CELL
NEURON,TUMOR-INFILTRATING LYMPHOCYTE(TIL)
NEURON,ENDOTHELIAL CELL
NEURON,EPITHELIAL CELL
NEURON,NATURAL KILLER CELL
NEURON,NEUTROPHIL
NEURON,PAN-MACROPHAGE
NEURON,TUMOR-ASSOCIATED MACROPHAGE (TAM)
NEURON,FOLLICULAR B CELL
NEURON,CYTOTOXIC T CELL
NEURON,CROSS-PRESENTING DENDRITIC CELL
NEURON,INFLAMMATORY CANCER-ASSOCIATED FIBROBLAST (ICAF)
NEURON,MYELOID CELL
NEURON,EXHAUSTED CD8+ T CELL
NEURON,REGULATORY T(TREG) CELL
NEURON,CYCLING EPITHELIAL CELL
NEURON,LUMINAL CELL
NEURON,UROTHELIAL CELL
NEURON,BASAL CELL
NEURON,UMBRELLA CELL
NEURON,MAST CELL
NEURON,INTERSTITIAL CELL
NEURON,LYMPHATIC ENDOTHELIAL CELL
NEURON,NONPATHOGENIC T HELPER 17(TH17) CELL
NEURON,MYOFIBROBLASTIC CANCER-ASSOCIATED FIBROBLAST (MYCAF)
NEURON,STEM CELL
NEURON,NAIVE CELL
NEURON,PROLIFERATING MYELOID CELL
NEURON,UROTHELIUM CELL
BASAL CELL,URETHELIAL CELL
BASAL CELL,CANCER-ASSOCIATED FIBROBLAST
BASAL CELL,MYOFIBROBLAST
BASAL CELL,SMOOTH MUSCLE CELL
BASAL CELL,CANCER STEM CELL
BASAL CELL,CANCER CELL
BASAL CELL,PROSTATE CELL
BASAL CELL,M2 MACROPHAGE
BASAL CELL,FIBROBLAST
BASAL CELL,M1 MACROPHAGE
BASAL CELL,DENDRITIC CELL
BASAL CELL,MONOCYTE
BASAL CELL,B CELL
BASAL CELL,FOLLICULAR DENDRITIC CELL
BASAL CELL,LYMPHOID CELL
BASAL CELL,T CELL
BASAL CELL,TUMOR-INFILTRATING LYMPHOCYTE(TIL)
BASAL CELL,ENDOTHELIAL CELL
BASAL CELL,EPITHELIAL CELL
BASAL CELL,NATURAL KILLER CELL
BASAL CELL,NEUTROPHIL
BASAL CELL,PAN-MACROPHAGE
BASAL CELL,TUMOR-ASSOCIATED MACROPHAGE (TAM)
BASAL CELL,FOLLICULAR B CELL
BASAL CELL,CYTOTOXIC T CELL
BASAL CELL,CROSS-PRESENTING DENDRITIC CELL
BASAL CELL,INFLAMMATORY CANCER-ASSOCIATED FIBROBLAST (ICAF)
BASAL CELL,MYELOID CELL
BASAL CELL,EXHAUSTED CD8+ T CELL
BASAL CELL,REGULATORY T(TREG) CELL
BASAL CELL,CYCLING EPITHELIAL CELL
BASAL CELL,LUMINAL CELL
BASAL CELL,UROTHELIAL CELL
BASAL CELL,NEURON
BASAL CELL,UMBRELLA CELL
BASAL CELL,MAST CELL
BASAL CELL,INTERSTITIAL CELL
BASAL CELL,LYMPHATIC ENDOTHELIAL CELL
BASAL CELL,NONPATHOGENIC T HELPER 17(TH17) CELL
BASAL CELL,MYOFIBROBLASTIC CANCER-ASSOCIATED FIBROBLAST (MYCAF)
BASAL CELL,STEM CELL
BASAL CELL,NAIVE CELL
BASAL CELL,PROLIFERATING MYELOID CELL
BASAL CELL,UROTHELIUM CELL
UMBRELLA CELL,URETHELIAL CELL
UMBRELLA CELL,CANCER-ASSOCIATED FIBROBLAST
UMBRELLA CELL,MYOFIBROBLAST
UMBRELLA CELL,SMOOTH MUSCLE CELL
UMBRELLA CELL,CANCER STEM CELL
UMBRELLA CELL,CANCER CELL
UMBRELLA CELL,PROSTATE CELL
UMBRELLA CELL,M2 MACROPHAGE
UMBRELLA CELL,FIBROBLAST
UMBRELLA CELL,M1 MACROPHAGE
UMBRELLA CELL,DENDRITIC CELL
UMBRELLA CELL,MONOCYTE
UMBRELLA CELL,B CELL
UMBRELLA CELL,FOLLICULAR DENDRITIC CELL
UMBRELLA CELL,LYMPHOID CELL
UMBRELLA CELL,T CELL
UMBRELLA CELL,TUMOR-INFILTRATING LYMPHOCYTE(TIL)
UMBRELLA CELL,ENDOTHELIAL CELL
UMBRELLA CELL,EPITHELIAL CELL
UMBRELLA CELL,NATURAL KILLER CELL
UMBRELLA CELL,NEUTROPHIL
UMBRELLA CELL,PAN-MACROPHAGE
UMBRELLA CELL,TUMOR-ASSOCIATED MACROPHAGE (TAM)
UMBRELLA CELL,FOLLICULAR B CELL
UMBRELLA CELL,CYTOTOXIC T CELL
UMBRELLA CELL,CROSS-PRESENTING DENDRITIC CELL
UMBRELLA CELL,INFLAMMATORY CANCER-ASSOCIATED FIBROBLAST (ICAF)
UMBRELLA CELL,MYELOID CELL
UMBRELLA CELL,EXHAUSTED CD8+ T CELL
UMBRELLA CELL,REGULATORY T(TREG) CELL
UMBRELLA CELL,CYCLING EPITHELIAL CELL
UMBRELLA CELL,LUMINAL CELL
UMBRELLA CELL,UROTHELIAL CELL
UMBRELLA CELL,NEURON
UMBRELLA CELL,BASAL CELL
UMBRELLA CELL,MAST CELL
UMBRELLA CELL,INTERSTITIAL CELL
UMBRELLA CELL,LYMPHATIC ENDOTHELIAL CELL
UMBRELLA CELL,NONPATHOGENIC T HELPER 17(TH17) CELL
UMBRELLA CELL,MYOFIBROBLASTIC CANCER-ASSOCIATED FIBROBLAST (MYCAF)
UMBRELLA CELL,STEM CELL
UMBRELLA CELL,NAIVE CELL
UMBRELLA CELL,PROLIFERATING MYELOID CELL
UMBRELLA CELL,UROTHELIUM CELL
MAST CELL,URETHELIAL CELL
MAST CELL,CANCER-ASSOCIATED FIBROBLAST
MAST CELL,MYOFIBROBLAST
MAST CELL,SMOOTH MUSCLE CELL
MAST CELL,CANCER STEM CELL
MAST CELL,CANCER CELL
MAST CELL,PROSTATE CELL
MAST CELL,M2 MACROPHAGE
MAST CELL,FIBROBLAST
MAST CELL,M1 MACROPHAGE
MAST CELL,DENDRITIC CELL
MAST CELL,MONOCYTE
MAST CELL,B CELL
MAST CELL,FOLLICULAR DENDRITIC CELL
MAST CELL,LYMPHOID CELL
MAST CELL,T CELL
MAST CELL,TUMOR-INFILTRATING LYMPHOCYTE(TIL)
MAST CELL,ENDOTHELIAL CELL
MAST CELL,EPITHELIAL CELL
MAST CELL,NATURAL KILLER CELL
MAST CELL,NEUTROPHIL
MAST CELL,PAN-MACROPHAGE
MAST CELL,TUMOR-ASSOCIATED MACROPHAGE (TAM)
MAST CELL,FOLLICULAR B CELL
MAST CELL,CYTOTOXIC T CELL
MAST CELL,CROSS-PRESENTING DENDRITIC CELL
MAST CELL,INFLAMMATORY CANCER-ASSOCIATED FIBROBLAST (ICAF)
MAST CELL,MYELOID CELL
MAST CELL,EXHAUSTED CD8+ T CELL
MAST CELL,REGULATORY T(TREG) CELL
MAST CELL,CYCLING EPITHELIAL CELL
MAST CELL,LUMINAL CELL
MAST CELL,UROTHELIAL CELL
MAST CELL,NEURON
MAST CELL,BASAL CELL
MAST CELL,UMBRELLA CELL
MAST CELL,INTERSTITIAL CELL
MAST CELL,LYMPHATIC ENDOTHELIAL CELL
MAST CELL,NONPATHOGENIC T HELPER 17(TH17) CELL
MAST CELL,MYOFIBROBLASTIC CANCER-ASSOCIATED FIBROBLAST (MYCAF)
MAST CELL,STEM CELL
MAST CELL,NAIVE CELL
MAST CELL,PROLIFERATING MYELOID CELL
MAST CELL,UROTHELIUM CELL
INTERSTITIAL CELL,URETHELIAL CELL
INTERSTITIAL CELL,CANCER-ASSOCIATED FIBROBLAST
INTERSTITIAL CELL,MYOFIBROBLAST
INTERSTITIAL CELL,SMOOTH MUSCLE CELL
INTERSTITIAL CELL,CANCER STEM CELL
INTERSTITIAL CELL,CANCER CELL
INTERSTITIAL CELL,PROSTATE CELL
INTERSTITIAL CELL,M2 MACROPHAGE
INTERSTITIAL CELL,FIBROBLAST
INTERSTITIAL CELL,M1 MACROPHAGE
INTERSTITIAL CELL,DENDRITIC CELL
INTERSTITIAL CELL,MONOCYTE
INTERSTITIAL CELL,B CELL
INTERSTITIAL CELL,FOLLICULAR DENDRITIC CELL
INTERSTITIAL CELL,LYMPHOID CELL
INTERSTITIAL CELL,T CELL
INTERSTITIAL CELL,TUMOR-INFILTRATING LYMPHOCYTE(TIL)
INTERSTITIAL CELL,ENDOTHELIAL CELL
INTERSTITIAL CELL,EPITHELIAL CELL
INTERSTITIAL CELL,NATURAL KILLER CELL
INTERSTITIAL CELL,NEUTROPHIL
INTERSTITIAL CELL,PAN-MACROPHAGE
INTERSTITIAL CELL,TUMOR-ASSOCIATED MACROPHAGE (TAM)
INTERSTITIAL CELL,FOLLICULAR B CELL
INTERSTITIAL CELL,CYTOTOXIC T CELL
INTERSTITIAL CELL,CROSS-PRESENTING DENDRITIC CELL
INTERSTITIAL CELL,INFLAMMATORY CANCER-ASSOCIATED FIBROBLAST (ICAF)
INTERSTITIAL CELL,MYELOID CELL
INTERSTITIAL CELL,EXHAUSTED CD8+ T CELL
INTERSTITIAL CELL,REGULATORY T(TREG) CELL
INTERSTITIAL CELL,CYCLING EPITHELIAL CELL
INTERSTITIAL CELL,LUMINAL CELL
INTERSTITIAL CELL,UROTHELIAL CELL
INTERSTITIAL CELL,NEURON
INTERSTITIAL CELL,BASAL CELL
INTERSTITIAL CELL,UMBRELLA CELL
INTERSTITIAL CELL,MAST CELL
INTERSTITIAL CELL,LYMPHATIC ENDOTHELIAL CELL
INTERSTITIAL CELL,NONPATHOGENIC T HELPER 17(TH17) CELL
INTERSTITIAL CELL,MYOFIBROBLASTIC CANCER-ASSOCIATED FIBROBLAST (MYCAF)
INTERSTITIAL CELL,STEM CELL
INTERSTITIAL CELL,NAIVE CELL
INTERSTITIAL CELL,PROLIFERATING MYELOID CELL
INTERSTITIAL CELL,UROTHELIUM CELL
LYMPHATIC ENDOTHELIAL CELL,URETHELIAL CELL
LYMPHATIC ENDOTHELIAL CELL,CANCER-ASSOCIATED FIBROBLAST
LYMPHATIC ENDOTHELIAL CELL,MYOFIBROBLAST
LYMPHATIC ENDOTHELIAL CELL,SMOOTH MUSCLE CELL
LYMPHATIC ENDOTHELIAL CELL,CANCER STEM CELL
LYMPHATIC ENDOTHELIAL CELL,CANCER CELL
LYMPHATIC ENDOTHELIAL CELL,PROSTATE CELL
LYMPHATIC ENDOTHELIAL CELL,M2 MACROPHAGE
LYMPHATIC ENDOTHELIAL CELL,FIBROBLAST
LYMPHATIC ENDOTHELIAL CELL,M1 MACROPHAGE
LYMPHATIC ENDOTHELIAL CELL,DENDRITIC CELL
LYMPHATIC ENDOTHELIAL CELL,MONOCYTE
LYMPHATIC ENDOTHELIAL CELL,B CELL
LYMPHATIC ENDOTHELIAL CELL,FOLLICULAR DENDRITIC CELL
LYMPHATIC ENDOTHELIAL CELL,LYMPHOID CELL
LYMPHATIC ENDOTHELIAL CELL,T CELL
LYMPHATIC ENDOTHELIAL CELL,TUMOR-INFILTRATING LYMPHOCYTE(TIL)
LYMPHATIC ENDOTHELIAL CELL,ENDOTHELIAL CELL
LYMPHATIC ENDOTHELIAL CELL,EPITHELIAL CELL
LYMPHATIC ENDOTHELIAL CELL,NATURAL KILLER CELL
LYMPHATIC ENDOTHELIAL CELL,NEUTROPHIL
LYMPHATIC ENDOTHELIAL CELL,PAN-MACROPHAGE
LYMPHATIC ENDOTHELIAL CELL,TUMOR-ASSOCIATED MACROPHAGE (TAM)
LYMPHATIC ENDOTHELIAL CELL,FOLLICULAR B CELL
LYMPHATIC ENDOTHELIAL CELL,CYTOTOXIC T CELL
LYMPHATIC ENDOTHELIAL CELL,CROSS-PRESENTING DENDRITIC CELL
LYMPHATIC ENDOTHELIAL CELL,INFLAMMATORY CANCER-ASSOCIATED FIBROBLAST (ICAF)
LYMPHATIC ENDOTHELIAL CELL,MYELOID CELL
LYMPHATIC ENDOTHELIAL CELL,EXHAUSTED CD8+ T CELL
LYMPHATIC ENDOTHELIAL CELL,REGULATORY T(TREG) CELL
LYMPHATIC ENDOTHELIAL CELL,CYCLING EPITHELIAL CELL
LYMPHATIC ENDOTHELIAL CELL,LUMINAL CELL
LYMPHATIC ENDOTHELIAL CELL,UROTHELIAL CELL
LYMPHATIC ENDOTHELIAL CELL,NEURON
LYMPHATIC ENDOTHELIAL CELL,BASAL CELL
LYMPHATIC ENDOTHELIAL CELL,UMBRELLA CELL
LYMPHATIC ENDOTHELIAL CELL,MAST CELL
LYMPHATIC ENDOTHELIAL CELL,INTERSTITIAL CELL
LYMPHATIC ENDOTHELIAL CELL,NONPATHOGENIC T HELPER 17(TH17) CELL
LYMPHATIC ENDOTHELIAL CELL,MYOFIBROBLASTIC CANCER-ASSOCIATED FIBROBLAST (MYCAF)
LYMPHATIC ENDOTHELIAL CELL,STEM CELL
LYMPHATIC ENDOTHELIAL CELL,NAIVE CELL
LYMPHATIC ENDOTHELIAL CELL,PROLIFERATING MYELOID CELL
LYMPHATIC ENDOTHELIAL CELL,UROTHELIUM CELL
NONPATHOGENIC T HELPER 17(TH17) CELL,URETHELIAL CELL
NONPATHOGENIC T HELPER 17(TH17) CELL,CANCER-ASSOCIATED FIBROBLAST
NONPATHOGENIC T HELPER 17(TH17) CELL,MYOFIBROBLAST
NONPATHOGENIC T HELPER 17(TH17) CELL,SMOOTH MUSCLE CELL
NONPATHOGENIC T HELPER 17(TH17) CELL,CANCER STEM CELL
NONPATHOGENIC T HELPER 17(TH17) CELL,CANCER CELL
NONPATHOGENIC T HELPER 17(TH17) CELL,PROSTATE CELL
NONPATHOGENIC T HELPER 17(TH17) CELL,M2 MACROPHAGE
NONPATHOGENIC T HELPER 17(TH17) CELL,FIBROBLAST
NONPATHOGENIC T HELPER 17(TH17) CELL,M1 MACROPHAGE
NONPATHOGENIC T HELPER 17(TH17) CELL,DENDRITIC CELL
NONPATHOGENIC T HELPER 17(TH17) CELL,MONOCYTE
NONPATHOGENIC T HELPER 17(TH17) CELL,B CELL
NONPATHOGENIC T HELPER 17(TH17) CELL,FOLLICULAR DENDRITIC CELL
NONPATHOGENIC T HELPER 17(TH17) CELL,LYMPHOID CELL
NONPATHOGENIC T HELPER 17(TH17) CELL,T CELL
NONPATHOGENIC T HELPER 17(TH17) CELL,TUMOR-INFILTRATING LYMPHOCYTE(TIL)
NONPATHOGENIC T HELPER 17(TH17) CELL,ENDOTHELIAL CELL
NONPATHOGENIC T HELPER 17(TH17) CELL,EPITHELIAL CELL
NONPATHOGENIC T HELPER 17(TH17) CELL,NATURAL KILLER CELL
NONPATHOGENIC T HELPER 17(TH17) CELL,NEUTROPHIL
NONPATHOGENIC T HELPER 17(TH17) CELL,PAN-MACROPHAGE
NONPATHOGENIC T HELPER 17(TH17) CELL,TUMOR-ASSOCIATED MACROPHAGE (TAM)
NONPATHOGENIC T HELPER 17(TH17) CELL,FOLLICULAR B CELL
NONPATHOGENIC T HELPER 17(TH17) CELL,CYTOTOXIC T CELL
NONPATHOGENIC T HELPER 17(TH17) CELL,CROSS-PRESENTING DENDRITIC CELL
NONPATHOGENIC T HELPER 17(TH17) CELL,INFLAMMATORY CANCER-ASSOCIATED FIBROBLAST (ICAF)
NONPATHOGENIC T HELPER 17(TH17) CELL,MYELOID CELL
NONPATHOGENIC T HELPER 17(TH17) CELL,EXHAUSTED CD8+ T CELL
NONPATHOGENIC T HELPER 17(TH17) CELL,REGULATORY T(TREG) CELL
NONPATHOGENIC T HELPER 17(TH17) CELL,CYCLING EPITHELIAL CELL
NONPATHOGENIC T HELPER 17(TH17) CELL,LUMINAL CELL
NONPATHOGENIC T HELPER 17(TH17) CELL,UROTHELIAL CELL
NONPATHOGENIC T HELPER 17(TH17) CELL,NEURON
NONPATHOGENIC T HELPER 17(TH17) CELL,BASAL CELL
NONPATHOGENIC T HELPER 17(TH17) CELL,UMBRELLA CELL
NONPATHOGENIC T HELPER 17(TH17) CELL,MAST CELL
NONPATHOGENIC T HELPER 17(TH17) CELL,INTERSTITIAL CELL
NONPATHOGENIC T HELPER 17(TH17) CELL,LYMPHATIC ENDOTHELIAL CELL
NONPATHOGENIC T HELPER 17(TH17) CELL,MYOFIBROBLASTIC CANCER-ASSOCIATED FIBROBLAST (MYCAF)
NONPATHOGENIC T HELPER 17(TH17) CELL,STEM CELL
NONPATHOGENIC T HELPER 17(TH17) CELL,NAIVE CELL
NONPATHOGENIC T HELPER 17(TH17) CELL,PROLIFERATING MYELOID CELL
NONPATHOGENIC T HELPER 17(TH17) CELL,UROTHELIUM CELL
MYOFIBROBLASTIC CANCER-ASSOCIATED FIBROBLAST (MYCAF),URETHELIAL CELL
MYOFIBROBLASTIC CANCER-ASSOCIATED FIBROBLAST (MYCAF),CANCER-ASSOCIATED FIBROBLAST
MYOFIBROBLASTIC CANCER-ASSOCIATED FIBROBLAST (MYCAF),MYOFIBROBLAST
MYOFIBROBLASTIC CANCER-ASSOCIATED FIBROBLAST (MYCAF),SMOOTH MUSCLE CELL
MYOFIBROBLASTIC CANCER-ASSOCIATED FIBROBLAST (MYCAF),CANCER STEM CELL
MYOFIBROBLASTIC CANCER-ASSOCIATED FIBROBLAST (MYCAF),CANCER CELL
MYOFIBROBLASTIC CANCER-ASSOCIATED FIBROBLAST (MYCAF),PROSTATE CELL
MYOFIBROBLASTIC CANCER-ASSOCIATED FIBROBLAST (MYCAF),M2 MACROPHAGE
MYOFIBROBLASTIC CANCER-ASSOCIATED FIBROBLAST (MYCAF),FIBROBLAST
MYOFIBROBLASTIC CANCER-ASSOCIATED FIBROBLAST (MYCAF),M1 MACROPHAGE
MYOFIBROBLASTIC CANCER-ASSOCIATED FIBROBLAST (MYCAF),DENDRITIC CELL
MYOFIBROBLASTIC CANCER-ASSOCIATED FIBROBLAST (MYCAF),MONOCYTE
MYOFIBROBLASTIC CANCER-ASSOCIATED FIBROBLAST (MYCAF),B CELL
MYOFIBROBLASTIC CANCER-ASSOCIATED FIBROBLAST (MYCAF),FOLLICULAR DENDRITIC CELL
MYOFIBROBLASTIC CANCER-ASSOCIATED FIBROBLAST (MYCAF),LYMPHOID CELL
MYOFIBROBLASTIC CANCER-ASSOCIATED FIBROBLAST (MYCAF),T CELL
MYOFIBROBLASTIC CANCER-ASSOCIATED FIBROBLAST (MYCAF),TUMOR-INFILTRATING LYMPHOCYTE(TIL)
MYOFIBROBLASTIC CANCER-ASSOCIATED FIBROBLAST (MYCAF),ENDOTHELIAL CELL
MYOFIBROBLASTIC CANCER-ASSOCIATED FIBROBLAST (MYCAF),EPITHELIAL CELL
MYOFIBROBLASTIC CANCER-ASSOCIATED FIBROBLAST (MYCAF),NATURAL KILLER CELL
MYOFIBROBLASTIC CANCER-ASSOCIATED FIBROBLAST (MYCAF),NEUTROPHIL
MYOFIBROBLASTIC CANCER-ASSOCIATED FIBROBLAST (MYCAF),PAN-MACROPHAGE
MYOFIBROBLASTIC CANCER-ASSOCIATED FIBROBLAST (MYCAF),TUMOR-ASSOCIATED MACROPHAGE (TAM)
MYOFIBROBLASTIC CANCER-ASSOCIATED FIBROBLAST (MYCAF),FOLLICULAR B CELL
MYOFIBROBLASTIC CANCER-ASSOCIATED FIBROBLAST (MYCAF),CYTOTOXIC T CELL
MYOFIBROBLASTIC CANCER-ASSOCIATED FIBROBLAST (MYCAF),CROSS-PRESENTING DENDRITIC CELL
MYOFIBROBLASTIC CANCER-ASSOCIATED FIBROBLAST (MYCAF),INFLAMMATORY CANCER-ASSOCIATED FIBROBLAST (ICAF)
MYOFIBROBLASTIC CANCER-ASSOCIATED FIBROBLAST (MYCAF),MYELOID CELL
MYOFIBROBLASTIC CANCER-ASSOCIATED FIBROBLAST (MYCAF),EXHAUSTED CD8+ T CELL
MYOFIBROBLASTIC CANCER-ASSOCIATED FIBROBLAST (MYCAF),REGULATORY T(TREG) CELL
MYOFIBROBLASTIC CANCER-ASSOCIATED FIBROBLAST (MYCAF),CYCLING EPITHELIAL CELL
MYOFIBROBLASTIC CANCER-ASSOCIATED FIBROBLAST (MYCAF),LUMINAL CELL
MYOFIBROBLASTIC CANCER-ASSOCIATED FIBROBLAST (MYCAF),UROTHELIAL CELL
MYOFIBROBLASTIC CANCER-ASSOCIATED FIBROBLAST (MYCAF),NEURON
MYOFIBROBLASTIC CANCER-ASSOCIATED FIBROBLAST (MYCAF),BASAL CELL
MYOFIBROBLASTIC CANCER-ASSOCIATED FIBROBLAST (MYCAF),UMBRELLA CELL
MYOFIBROBLASTIC CANCER-ASSOCIATED FIBROBLAST (MYCAF),MAST CELL
MYOFIBROBLASTIC CANCER-ASSOCIATED FIBROBLAST (MYCAF),INTERSTITIAL CELL
MYOFIBROBLASTIC CANCER-ASSOCIATED FIBROBLAST (MYCAF),LYMPHATIC ENDOTHELIAL CELL
MYOFIBROBLASTIC CANCER-ASSOCIATED FIBROBLAST (MYCAF),NONPATHOGENIC T HELPER 17(TH17) CELL
MYOFIBROBLASTIC CANCER-ASSOCIATED FIBROBLAST (MYCAF),STEM CELL
MYOFIBROBLASTIC CANCER-ASSOCIATED FIBROBLAST (MYCAF),NAIVE CELL
MYOFIBROBLASTIC CANCER-ASSOCIATED FIBROBLAST (MYCAF),PROLIFERATING MYELOID CELL
MYOFIBROBLASTIC CANCER-ASSOCIATED FIBROBLAST (MYCAF),UROTHELIUM CELL
STEM CELL,URETHELIAL CELL
STEM CELL,CANCER-ASSOCIATED FIBROBLAST
STEM CELL,MYOFIBROBLAST
STEM CELL,SMOOTH MUSCLE CELL
STEM CELL,CANCER STEM CELL
STEM CELL,CANCER CELL
STEM CELL,PROSTATE CELL
STEM CELL,M2 MACROPHAGE
STEM CELL,FIBROBLAST
STEM CELL,M1 MACROPHAGE
STEM CELL,DENDRITIC CELL
STEM CELL,MONOCYTE
STEM CELL,B CELL
STEM CELL,FOLLICULAR DENDRITIC CELL
STEM CELL,LYMPHOID CELL
STEM CELL,T CELL
STEM CELL,TUMOR-INFILTRATING LYMPHOCYTE(TIL)
STEM CELL,ENDOTHELIAL CELL
STEM CELL,EPITHELIAL CELL
STEM CELL,NATURAL KILLER CELL
STEM CELL,NEUTROPHIL
STEM CELL,PAN-MACROPHAGE
STEM CELL,TUMOR-ASSOCIATED MACROPHAGE (TAM)
STEM CELL,FOLLICULAR B CELL
STEM CELL,CYTOTOXIC T CELL
STEM CELL,CROSS-PRESENTING DENDRITIC CELL
STEM CELL,INFLAMMATORY CANCER-ASSOCIATED FIBROBLAST (ICAF)
STEM CELL,MYELOID CELL
STEM CELL,EXHAUSTED CD8+ T CELL
STEM CELL,REGULATORY T(TREG) CELL
STEM CELL,CYCLING EPITHELIAL CELL
STEM CELL,LUMINAL CELL
STEM CELL,UROTHELIAL CELL
STEM CELL,NEURON
STEM CELL,BASAL CELL
STEM CELL,UMBRELLA CELL
STEM CELL,MAST CELL
STEM CELL,INTERSTITIAL CELL
STEM CELL,LYMPHATIC ENDOTHELIAL CELL
STEM CELL,NONPATHOGENIC T HELPER 17(TH17) CELL
STEM CELL,MYOFIBROBLASTIC CANCER-ASSOCIATED FIBROBLAST (MYCAF)
STEM CELL,NAIVE CELL
STEM CELL,PROLIFERATING MYELOID CELL
STEM CELL,UROTHELIUM CELL
NAIVE CELL,URETHELIAL CELL
NAIVE CELL,CANCER-ASSOCIATED FIBROBLAST
NAIVE CELL,MYOFIBROBLAST
NAIVE CELL,SMOOTH MUSCLE CELL
NAIVE CELL,CANCER STEM CELL
NAIVE CELL,CANCER CELL
NAIVE CELL,PROSTATE CELL
NAIVE CELL,M2 MACROPHAGE
NAIVE CELL,FIBROBLAST
NAIVE CELL,M1 MACROPHAGE
NAIVE CELL,DENDRITIC CELL
NAIVE CELL,MONOCYTE
NAIVE CELL,B CELL
NAIVE CELL,FOLLICULAR DENDRITIC CELL
NAIVE CELL,LYMPHOID CELL
NAIVE CELL,T CELL
NAIVE CELL,TUMOR-INFILTRATING LYMPHOCYTE(TIL)
NAIVE CELL,ENDOTHELIAL CELL
NAIVE CELL,EPITHELIAL CELL
NAIVE CELL,NATURAL KILLER CELL
NAIVE CELL,NEUTROPHIL
NAIVE CELL,PAN-MACROPHAGE
NAIVE CELL,TUMOR-ASSOCIATED MACROPHAGE (TAM)
NAIVE CELL,FOLLICULAR B CELL
NAIVE CELL,CYTOTOXIC T CELL
NAIVE CELL,CROSS-PRESENTING DENDRITIC CELL
NAIVE CELL,INFLAMMATORY CANCER-ASSOCIATED FIBROBLAST (ICAF)
NAIVE CELL,MYELOID CELL
NAIVE CELL,EXHAUSTED CD8+ T CELL
NAIVE CELL,REGULATORY T(TREG) CELL
NAIVE CELL,CYCLING EPITHELIAL CELL
NAIVE CELL,LUMINAL CELL
NAIVE CELL,UROTHELIAL CELL
NAIVE CELL,NEURON
NAIVE CELL,BASAL CELL
NAIVE CELL,UMBRELLA CELL
NAIVE CELL,MAST CELL
NAIVE CELL,INTERSTITIAL CELL
NAIVE CELL,LYMPHATIC ENDOTHELIAL CELL
NAIVE CELL,NONPATHOGENIC T HELPER 17(TH17) CELL
NAIVE CELL,MYOFIBROBLASTIC CANCER-ASSOCIATED FIBROBLAST (MYCAF)
NAIVE CELL,STEM CELL
NAIVE CELL,PROLIFERATING MYELOID CELL
NAIVE CELL,UROTHELIUM CELL
PROLIFERATING MYELOID CELL,URETHELIAL CELL
PROLIFERATING MYELOID CELL,CANCER-ASSOCIATED FIBROBLAST
PROLIFERATING MYELOID CELL,MYOFIBROBLAST
PROLIFERATING MYELOID CELL,SMOOTH MUSCLE CELL
PROLIFERATING MYELOID CELL,CANCER STEM CELL
PROLIFERATING MYELOID CELL,CANCER CELL
PROLIFERATING MYELOID CELL,PROSTATE CELL
PROLIFERATING MYELOID CELL,M2 MACROPHAGE
PROLIFERATING MYELOID CELL,FIBROBLAST
PROLIFERATING MYELOID CELL,M1 MACROPHAGE
PROLIFERATING MYELOID CELL,DENDRITIC CELL
PROLIFERATING MYELOID CELL,MONOCYTE
PROLIFERATING MYELOID CELL,B CELL
PROLIFERATING MYELOID CELL,FOLLICULAR DENDRITIC CELL
PROLIFERATING MYELOID CELL,LYMPHOID CELL
PROLIFERATING MYELOID CELL,T CELL
PROLIFERATING MYELOID CELL,TUMOR-INFILTRATING LYMPHOCYTE(TIL)
PROLIFERATING MYELOID CELL,ENDOTHELIAL CELL
PROLIFERATING MYELOID CELL,EPITHELIAL CELL
PROLIFERATING MYELOID CELL,NATURAL KILLER CELL
PROLIFERATING MYELOID CELL,NEUTROPHIL
PROLIFERATING MYELOID CELL,PAN-MACROPHAGE
PROLIFERATING MYELOID CELL,TUMOR-ASSOCIATED MACROPHAGE (TAM)
PROLIFERATING MYELOID CELL,FOLLICULAR B CELL
PROLIFERATING MYELOID CELL,CYTOTOXIC T CELL
PROLIFERATING MYELOID CELL,CROSS-PRESENTING DENDRITIC CELL
PROLIFERATING MYELOID CELL,INFLAMMATORY CANCER-ASSOCIATED FIBROBLAST (ICAF)
PROLIFERATING MYELOID CELL,MYELOID CELL
PROLIFERATING MYELOID CELL,EXHAUSTED CD8+ T CELL
PROLIFERATING MYELOID CELL,REGULATORY T(TREG) CELL
PROLIFERATING MYELOID CELL,CYCLING EPITHELIAL CELL
PROLIFERATING MYELOID CELL,LUMINAL CELL
PROLIFERATING MYELOID CELL,UROTHELIAL CELL
PROLIFERATING MYELOID CELL,NEURON
PROLIFERATING MYELOID CELL,BASAL CELL
PROLIFERATING MYELOID CELL,UMBRELLA CELL
PROLIFERATING MYELOID CELL,MAST CELL
PROLIFERATING MYELOID CELL,INTERSTITIAL CELL
PROLIFERATING MYELOID CELL,LYMPHATIC ENDOTHELIAL CELL
PROLIFERATING MYELOID CELL,NONPATHOGENIC T HELPER 17(TH17) CELL
PROLIFERATING MYELOID CELL,MYOFIBROBLASTIC CANCER-ASSOCIATED FIBROBLAST (MYCAF)
PROLIFERATING MYELOID CELL,STEM CELL
PROLIFERATING MYELOID CELL,NAIVE CELL
PROLIFERATING MYELOID CELL,UROTHELIUM CELL
UROTHELIUM CELL,URETHELIAL CELL
UROTHELIUM CELL,CANCER-ASSOCIATED FIBROBLAST
UROTHELIUM CELL,MYOFIBROBLAST
UROTHELIUM CELL,SMOOTH MUSCLE CELL
UROTHELIUM CELL,CANCER STEM CELL
UROTHELIUM CELL,CANCER CELL
UROTHELIUM CELL,PROSTATE CELL
UROTHELIUM CELL,M2 MACROPHAGE
UROTHELIUM CELL,FIBROBLAST
UROTHELIUM CELL,M1 MACROPHAGE
UROTHELIUM CELL,DENDRITIC CELL
UROTHELIUM CELL,MONOCYTE
UROTHELIUM CELL,B CELL
UROTHELIUM CELL,FOLLICULAR DENDRITIC CELL
UROTHELIUM CELL,LYMPHOID CELL
UROTHELIUM CELL,T CELL
UROTHELIUM CELL,TUMOR-INFILTRATING LYMPHOCYTE(TIL)
UROTHELIUM CELL,ENDOTHELIAL CELL
UROTHELIUM CELL,EPITHELIAL CELL
UROTHELIUM CELL,NATURAL KILLER CELL
UROTHELIUM CELL,NEUTROPHIL
UROTHELIUM CELL,PAN-MACROPHAGE
UROTHELIUM CELL,TUMOR-ASSOCIATED MACROPHAGE (TAM)
UROTHELIUM CELL,FOLLICULAR B CELL
UROTHELIUM CELL,CYTOTOXIC T CELL
UROTHELIUM CELL,CROSS-PRESENTING DENDRITIC CELL
UROTHELIUM CELL,INFLAMMATORY CANCER-ASSOCIATED FIBROBLAST (ICAF)
UROTHELIUM CELL,MYELOID CELL
UROTHELIUM CELL,EXHAUSTED CD8+ T CELL
UROTHELIUM CELL,REGULATORY T(TREG) CELL
UROTHELIUM CELL,CYCLING EPITHELIAL CELL
UROTHELIUM CELL,LUMINAL CELL
UROTHELIUM CELL,UROTHELIAL CELL
UROTHELIUM CELL,NEURON
UROTHELIUM CELL,BASAL CELL
UROTHELIUM CELL,UMBRELLA CELL
UROTHELIUM CELL,MAST CELL
UROTHELIUM CELL,INTERSTITIAL CELL
UROTHELIUM CELL,LYMPHATIC ENDOTHELIAL CELL
UROTHELIUM CELL,NONPATHOGENIC T HELPER 17(TH17) CELL
UROTHELIUM CELL,MYOFIBROBLASTIC CANCER-ASSOCIATED FIBROBLAST (MYCAF)
UROTHELIUM CELL,STEM CELL
UROTHELIUM CELL,NAIVE CELL
UROTHELIUM CELL,PROLIFERATING MYELOID CELL