"CANCER STEM CELL","PROGENITOR CELL"
"CANCER STEM CELL","LUMINAL EPITHELIAL CELL"
"CANCER STEM CELL","PLASMA CELL"
"CANCER STEM CELL","CANCER CELL"
"CANCER STEM CELL","EPITHELIAL CELL"
"CANCER STEM CELL","LUMINAL CELL"
"CANCER STEM CELL","FIBROBLAST"
"CANCER STEM CELL","MACROPHAGE"
"CANCER STEM CELL","MYELOID CELL"
"CANCER STEM CELL","B CELL"
"CANCER STEM CELL","NEURON"
"CANCER STEM CELL","BASAL CELL"
"CANCER STEM CELL","STEM CELL"
"CANCER STEM CELL","T CELL"
"CANCER STEM CELL","PROSTATE STEM CELL"
"CANCER STEM CELL","COLONY-FORMING CELL"
"CANCER STEM CELL","NEUTROPHIL"
"CANCER STEM CELL","ENDOTHELIAL CELL"
"CANCER STEM CELL","NEUROENDOCRINE CELL"
"CANCER STEM CELL","LNCAP CELL"
"CANCER STEM CELL","DENTATE GRANULE CELL"
"CANCER STEM CELL","SMOOTH MUSCLE CELL"
"CANCER STEM CELL","MESENCHYMAL CELL"
"CANCER STEM CELL","NATURAL KILLER CELL"
"CANCER STEM CELL","EARLY TRANSIT-AMPLIFYING PROSTATE EPITHELIAL CELL"
"CANCER STEM CELL","LATE TRANSIT-AMPLIFYING PROSTATE EPITHELIAL CELL"
"CANCER STEM CELL","CANCER-ASSOCIATED FIBROBLAST"
"PROGENITOR CELL","CANCER STEM CELL"
"PROGENITOR CELL","LUMINAL EPITHELIAL CELL"
"PROGENITOR CELL","PLASMA CELL"
"PROGENITOR CELL","CANCER CELL"
"PROGENITOR CELL","EPITHELIAL CELL"
"PROGENITOR CELL","LUMINAL CELL"
"PROGENITOR CELL","FIBROBLAST"
"PROGENITOR CELL","MACROPHAGE"
"PROGENITOR CELL","MYELOID CELL"
"PROGENITOR CELL","B CELL"
"PROGENITOR CELL","NEURON"
"PROGENITOR CELL","BASAL CELL"
"PROGENITOR CELL","STEM CELL"
"PROGENITOR CELL","T CELL"
"PROGENITOR CELL","PROSTATE STEM CELL"
"PROGENITOR CELL","COLONY-FORMING CELL"
"PROGENITOR CELL","NEUTROPHIL"
"PROGENITOR CELL","ENDOTHELIAL CELL"
"PROGENITOR CELL","NEUROENDOCRINE CELL"
"PROGENITOR CELL","LNCAP CELL"
"PROGENITOR CELL","DENTATE GRANULE CELL"
"PROGENITOR CELL","SMOOTH MUSCLE CELL"
"PROGENITOR CELL","MESENCHYMAL CELL"
"PROGENITOR CELL","NATURAL KILLER CELL"
"PROGENITOR CELL","EARLY TRANSIT-AMPLIFYING PROSTATE EPITHELIAL CELL"
"PROGENITOR CELL","LATE TRANSIT-AMPLIFYING PROSTATE EPITHELIAL CELL"
"PROGENITOR CELL","CANCER-ASSOCIATED FIBROBLAST"
"LUMINAL EPITHELIAL CELL","CANCER STEM CELL"
"LUMINAL EPITHELIAL CELL","PROGENITOR CELL"
"LUMINAL EPITHELIAL CELL","PLASMA CELL"
"LUMINAL EPITHELIAL CELL","CANCER CELL"
"LUMINAL EPITHELIAL CELL","EPITHELIAL CELL"
"LUMINAL EPITHELIAL CELL","LUMINAL CELL"
"LUMINAL EPITHELIAL CELL","FIBROBLAST"
"LUMINAL EPITHELIAL CELL","MACROPHAGE"
"LUMINAL EPITHELIAL CELL","MYELOID CELL"
"LUMINAL EPITHELIAL CELL","B CELL"
"LUMINAL EPITHELIAL CELL","NEURON"
"LUMINAL EPITHELIAL CELL","BASAL CELL"
"LUMINAL EPITHELIAL CELL","STEM CELL"
"LUMINAL EPITHELIAL CELL","T CELL"
"LUMINAL EPITHELIAL CELL","PROSTATE STEM CELL"
"LUMINAL EPITHELIAL CELL","COLONY-FORMING CELL"
"LUMINAL EPITHELIAL CELL","NEUTROPHIL"
"LUMINAL EPITHELIAL CELL","ENDOTHELIAL CELL"
"LUMINAL EPITHELIAL CELL","NEUROENDOCRINE CELL"
"LUMINAL EPITHELIAL CELL","LNCAP CELL"
"LUMINAL EPITHELIAL CELL","DENTATE GRANULE CELL"
"LUMINAL EPITHELIAL CELL","SMOOTH MUSCLE CELL"
"LUMINAL EPITHELIAL CELL","MESENCHYMAL CELL"
"LUMINAL EPITHELIAL CELL","NATURAL KILLER CELL"
"LUMINAL EPITHELIAL CELL","EARLY TRANSIT-AMPLIFYING PROSTATE EPITHELIAL CELL"
"LUMINAL EPITHELIAL CELL","LATE TRANSIT-AMPLIFYING PROSTATE EPITHELIAL CELL"
"LUMINAL EPITHELIAL CELL","CANCER-ASSOCIATED FIBROBLAST"
"PLASMA CELL","CANCER STEM CELL"
"PLASMA CELL","PROGENITOR CELL"
"PLASMA CELL","LUMINAL EPITHELIAL CELL"
"PLASMA CELL","CANCER CELL"
"PLASMA CELL","EPITHELIAL CELL"
"PLASMA CELL","LUMINAL CELL"
"PLASMA CELL","FIBROBLAST"
"PLASMA CELL","MACROPHAGE"
"PLASMA CELL","MYELOID CELL"
"PLASMA CELL","B CELL"
"PLASMA CELL","NEURON"
"PLASMA CELL","BASAL CELL"
"PLASMA CELL","STEM CELL"
"PLASMA CELL","T CELL"
"PLASMA CELL","PROSTATE STEM CELL"
"PLASMA CELL","COLONY-FORMING CELL"
"PLASMA CELL","NEUTROPHIL"
"PLASMA CELL","ENDOTHELIAL CELL"
"PLASMA CELL","NEUROENDOCRINE CELL"
"PLASMA CELL","LNCAP CELL"
"PLASMA CELL","DENTATE GRANULE CELL"
"PLASMA CELL","SMOOTH MUSCLE CELL"
"PLASMA CELL","MESENCHYMAL CELL"
"PLASMA CELL","NATURAL KILLER CELL"
"PLASMA CELL","EARLY TRANSIT-AMPLIFYING PROSTATE EPITHELIAL CELL"
"PLASMA CELL","LATE TRANSIT-AMPLIFYING PROSTATE EPITHELIAL CELL"
"PLASMA CELL","CANCER-ASSOCIATED FIBROBLAST"
"CANCER CELL","CANCER STEM CELL"
"CANCER CELL","PROGENITOR CELL"
"CANCER CELL","LUMINAL EPITHELIAL CELL"
"CANCER CELL","PLASMA CELL"
"CANCER CELL","EPITHELIAL CELL"
"CANCER CELL","LUMINAL CELL"
"CANCER CELL","FIBROBLAST"
"CANCER CELL","MACROPHAGE"
"CANCER CELL","MYELOID CELL"
"CANCER CELL","B CELL"
"CANCER CELL","NEURON"
"CANCER CELL","BASAL CELL"
"CANCER CELL","STEM CELL"
"CANCER CELL","T CELL"
"CANCER CELL","PROSTATE STEM CELL"
"CANCER CELL","COLONY-FORMING CELL"
"CANCER CELL","NEUTROPHIL"
"CANCER CELL","ENDOTHELIAL CELL"
"CANCER CELL","NEUROENDOCRINE CELL"
"CANCER CELL","LNCAP CELL"
"CANCER CELL","DENTATE GRANULE CELL"
"CANCER CELL","SMOOTH MUSCLE CELL"
"CANCER CELL","MESENCHYMAL CELL"
"CANCER CELL","NATURAL KILLER CELL"
"CANCER CELL","EARLY TRANSIT-AMPLIFYING PROSTATE EPITHELIAL CELL"
"CANCER CELL","LATE TRANSIT-AMPLIFYING PROSTATE EPITHELIAL CELL"
"CANCER CELL","CANCER-ASSOCIATED FIBROBLAST"
"EPITHELIAL CELL","CANCER STEM CELL"
"EPITHELIAL CELL","PROGENITOR CELL"
"EPITHELIAL CELL","LUMINAL EPITHELIAL CELL"
"EPITHELIAL CELL","PLASMA CELL"
"EPITHELIAL CELL","CANCER CELL"
"EPITHELIAL CELL","LUMINAL CELL"
"EPITHELIAL CELL","FIBROBLAST"
"EPITHELIAL CELL","MACROPHAGE"
"EPITHELIAL CELL","MYELOID CELL"
"EPITHELIAL CELL","B CELL"
"EPITHELIAL CELL","NEURON"
"EPITHELIAL CELL","BASAL CELL"
"EPITHELIAL CELL","STEM CELL"
"EPITHELIAL CELL","T CELL"
"EPITHELIAL CELL","PROSTATE STEM CELL"
"EPITHELIAL CELL","COLONY-FORMING CELL"
"EPITHELIAL CELL","NEUTROPHIL"
"EPITHELIAL CELL","ENDOTHELIAL CELL"
"EPITHELIAL CELL","NEUROENDOCRINE CELL"
"EPITHELIAL CELL","LNCAP CELL"
"EPITHELIAL CELL","DENTATE GRANULE CELL"
"EPITHELIAL CELL","SMOOTH MUSCLE CELL"
"EPITHELIAL CELL","MESENCHYMAL CELL"
"EPITHELIAL CELL","NATURAL KILLER CELL"
"EPITHELIAL CELL","EARLY TRANSIT-AMPLIFYING PROSTATE EPITHELIAL CELL"
"EPITHELIAL CELL","LATE TRANSIT-AMPLIFYING PROSTATE EPITHELIAL CELL"
"EPITHELIAL CELL","CANCER-ASSOCIATED FIBROBLAST"
"LUMINAL CELL","CANCER STEM CELL"
"LUMINAL CELL","PROGENITOR CELL"
"LUMINAL CELL","LUMINAL EPITHELIAL CELL"
"LUMINAL CELL","PLASMA CELL"
"LUMINAL CELL","CANCER CELL"
"LUMINAL CELL","EPITHELIAL CELL"
"LUMINAL CELL","FIBROBLAST"
"LUMINAL CELL","MACROPHAGE"
"LUMINAL CELL","MYELOID CELL"
"LUMINAL CELL","B CELL"
"LUMINAL CELL","NEURON"
"LUMINAL CELL","BASAL CELL"
"LUMINAL CELL","STEM CELL"
"LUMINAL CELL","T CELL"
"LUMINAL CELL","PROSTATE STEM CELL"
"LUMINAL CELL","COLONY-FORMING CELL"
"LUMINAL CELL","NEUTROPHIL"
"LUMINAL CELL","ENDOTHELIAL CELL"
"LUMINAL CELL","NEUROENDOCRINE CELL"
"LUMINAL CELL","LNCAP CELL"
"LUMINAL CELL","DENTATE GRANULE CELL"
"LUMINAL CELL","SMOOTH MUSCLE CELL"
"LUMINAL CELL","MESENCHYMAL CELL"
"LUMINAL CELL","NATURAL KILLER CELL"
"LUMINAL CELL","EARLY TRANSIT-AMPLIFYING PROSTATE EPITHELIAL CELL"
"LUMINAL CELL","LATE TRANSIT-AMPLIFYING PROSTATE EPITHELIAL CELL"
"LUMINAL CELL","CANCER-ASSOCIATED FIBROBLAST"
"FIBROBLAST","CANCER STEM CELL"
"FIBROBLAST","PROGENITOR CELL"
"FIBROBLAST","LUMINAL EPITHELIAL CELL"
"FIBROBLAST","PLASMA CELL"
"FIBROBLAST","CANCER CELL"
"FIBROBLAST","EPITHELIAL CELL"
"FIBROBLAST","LUMINAL CELL"
"FIBROBLAST","MACROPHAGE"
"FIBROBLAST","MYELOID CELL"
"FIBROBLAST","B CELL"
"FIBROBLAST","NEURON"
"FIBROBLAST","BASAL CELL"
"FIBROBLAST","STEM CELL"
"FIBROBLAST","T CELL"
"FIBROBLAST","PROSTATE STEM CELL"
"FIBROBLAST","COLONY-FORMING CELL"
"FIBROBLAST","NEUTROPHIL"
"FIBROBLAST","ENDOTHELIAL CELL"
"FIBROBLAST","NEUROENDOCRINE CELL"
"FIBROBLAST","LNCAP CELL"
"FIBROBLAST","DENTATE GRANULE CELL"
"FIBROBLAST","SMOOTH MUSCLE CELL"
"FIBROBLAST","MESENCHYMAL CELL"
"FIBROBLAST","NATURAL KILLER CELL"
"FIBROBLAST","EARLY TRANSIT-AMPLIFYING PROSTATE EPITHELIAL CELL"
"FIBROBLAST","LATE TRANSIT-AMPLIFYING PROSTATE EPITHELIAL CELL"
"FIBROBLAST","CANCER-ASSOCIATED FIBROBLAST"
"MACROPHAGE","CANCER STEM CELL"
"MACROPHAGE","PROGENITOR CELL"
"MACROPHAGE","LUMINAL EPITHELIAL CELL"
"MACROPHAGE","PLASMA CELL"
"MACROPHAGE","CANCER CELL"
"MACROPHAGE","EPITHELIAL CELL"
"MACROPHAGE","LUMINAL CELL"
"MACROPHAGE","FIBROBLAST"
"MACROPHAGE","MYELOID CELL"
"MACROPHAGE","B CELL"
"MACROPHAGE","NEURON"
"MACROPHAGE","BASAL CELL"
"MACROPHAGE","STEM CELL"
"MACROPHAGE","T CELL"
"MACROPHAGE","PROSTATE STEM CELL"
"MACROPHAGE","COLONY-FORMING CELL"
"MACROPHAGE","NEUTROPHIL"
"MACROPHAGE","ENDOTHELIAL CELL"
"MACROPHAGE","NEUROENDOCRINE CELL"
"MACROPHAGE","LNCAP CELL"
"MACROPHAGE","DENTATE GRANULE CELL"
"MACROPHAGE","SMOOTH MUSCLE CELL"
"MACROPHAGE","MESENCHYMAL CELL"
"MACROPHAGE","NATURAL KILLER CELL"
"MACROPHAGE","EARLY TRANSIT-AMPLIFYING PROSTATE EPITHELIAL CELL"
"MACROPHAGE","LATE TRANSIT-AMPLIFYING PROSTATE EPITHELIAL CELL"
"MACROPHAGE","CANCER-ASSOCIATED FIBROBLAST"
"MYELOID CELL","CANCER STEM CELL"
"MYELOID CELL","PROGENITOR CELL"
"MYELOID CELL","LUMINAL EPITHELIAL CELL"
"MYELOID CELL","PLASMA CELL"
"MYELOID CELL","CANCER CELL"
"MYELOID CELL","EPITHELIAL CELL"
"MYELOID CELL","LUMINAL CELL"
"MYELOID CELL","FIBROBLAST"
"MYELOID CELL","MACROPHAGE"
"MYELOID CELL","B CELL"
"MYELOID CELL","NEURON"
"MYELOID CELL","BASAL CELL"
"MYELOID CELL","STEM CELL"
"MYELOID CELL","T CELL"
"MYELOID CELL","PROSTATE STEM CELL"
"MYELOID CELL","COLONY-FORMING CELL"
"MYELOID CELL","NEUTROPHIL"
"MYELOID CELL","ENDOTHELIAL CELL"
"MYELOID CELL","NEUROENDOCRINE CELL"
"MYELOID CELL","LNCAP CELL"
"MYELOID CELL","DENTATE GRANULE CELL"
"MYELOID CELL","SMOOTH MUSCLE CELL"
"MYELOID CELL","MESENCHYMAL CELL"
"MYELOID CELL","NATURAL KILLER CELL"
"MYELOID CELL","EARLY TRANSIT-AMPLIFYING PROSTATE EPITHELIAL CELL"
"MYELOID CELL","LATE TRANSIT-AMPLIFYING PROSTATE EPITHELIAL CELL"
"MYELOID CELL","CANCER-ASSOCIATED FIBROBLAST"
"B CELL","CANCER STEM CELL"
"B CELL","PROGENITOR CELL"
"B CELL","LUMINAL EPITHELIAL CELL"
"B CELL","PLASMA CELL"
"B CELL","CANCER CELL"
"B CELL","EPITHELIAL CELL"
"B CELL","LUMINAL CELL"
"B CELL","FIBROBLAST"
"B CELL","MACROPHAGE"
"B CELL","MYELOID CELL"
"B CELL","NEURON"
"B CELL","BASAL CELL"
"B CELL","STEM CELL"
"B CELL","T CELL"
"B CELL","PROSTATE STEM CELL"
"B CELL","COLONY-FORMING CELL"
"B CELL","NEUTROPHIL"
"B CELL","ENDOTHELIAL CELL"
"B CELL","NEUROENDOCRINE CELL"
"B CELL","LNCAP CELL"
"B CELL","DENTATE GRANULE CELL"
"B CELL","SMOOTH MUSCLE CELL"
"B CELL","MESENCHYMAL CELL"
"B CELL","NATURAL KILLER CELL"
"B CELL","EARLY TRANSIT-AMPLIFYING PROSTATE EPITHELIAL CELL"
"B CELL","LATE TRANSIT-AMPLIFYING PROSTATE EPITHELIAL CELL"
"B CELL","CANCER-ASSOCIATED FIBROBLAST"
"NEURON","CANCER STEM CELL"
"NEURON","PROGENITOR CELL"
"NEURON","LUMINAL EPITHELIAL CELL"
"NEURON","PLASMA CELL"
"NEURON","CANCER CELL"
"NEURON","EPITHELIAL CELL"
"NEURON","LUMINAL CELL"
"NEURON","FIBROBLAST"
"NEURON","MACROPHAGE"
"NEURON","MYELOID CELL"
"NEURON","B CELL"
"NEURON","BASAL CELL"
"NEURON","STEM CELL"
"NEURON","T CELL"
"NEURON","PROSTATE STEM CELL"
"NEURON","COLONY-FORMING CELL"
"NEURON","NEUTROPHIL"
"NEURON","ENDOTHELIAL CELL"
"NEURON","NEUROENDOCRINE CELL"
"NEURON","LNCAP CELL"
"NEURON","DENTATE GRANULE CELL"
"NEURON","SMOOTH MUSCLE CELL"
"NEURON","MESENCHYMAL CELL"
"NEURON","NATURAL KILLER CELL"
"NEURON","EARLY TRANSIT-AMPLIFYING PROSTATE EPITHELIAL CELL"
"NEURON","LATE TRANSIT-AMPLIFYING PROSTATE EPITHELIAL CELL"
"NEURON","CANCER-ASSOCIATED FIBROBLAST"
"BASAL CELL","CANCER STEM CELL"
"BASAL CELL","PROGENITOR CELL"
"BASAL CELL","LUMINAL EPITHELIAL CELL"
"BASAL CELL","PLASMA CELL"
"BASAL CELL","CANCER CELL"
"BASAL CELL","EPITHELIAL CELL"
"BASAL CELL","LUMINAL CELL"
"BASAL CELL","FIBROBLAST"
"BASAL CELL","MACROPHAGE"
"BASAL CELL","MYELOID CELL"
"BASAL CELL","B CELL"
"BASAL CELL","NEURON"
"BASAL CELL","STEM CELL"
"BASAL CELL","T CELL"
"BASAL CELL","PROSTATE STEM CELL"
"BASAL CELL","COLONY-FORMING CELL"
"BASAL CELL","NEUTROPHIL"
"BASAL CELL","ENDOTHELIAL CELL"
"BASAL CELL","NEUROENDOCRINE CELL"
"BASAL CELL","LNCAP CELL"
"BASAL CELL","DENTATE GRANULE CELL"
"BASAL CELL","SMOOTH MUSCLE CELL"
"BASAL CELL","MESENCHYMAL CELL"
"BASAL CELL","NATURAL KILLER CELL"
"BASAL CELL","EARLY TRANSIT-AMPLIFYING PROSTATE EPITHELIAL CELL"
"BASAL CELL","LATE TRANSIT-AMPLIFYING PROSTATE EPITHELIAL CELL"
"BASAL CELL","CANCER-ASSOCIATED FIBROBLAST"
"STEM CELL","CANCER STEM CELL"
"STEM CELL","PROGENITOR CELL"
"STEM CELL","LUMINAL EPITHELIAL CELL"
"STEM CELL","PLASMA CELL"
"STEM CELL","CANCER CELL"
"STEM CELL","EPITHELIAL CELL"
"STEM CELL","LUMINAL CELL"
"STEM CELL","FIBROBLAST"
"STEM CELL","MACROPHAGE"
"STEM CELL","MYELOID CELL"
"STEM CELL","B CELL"
"STEM CELL","NEURON"
"STEM CELL","BASAL CELL"
"STEM CELL","T CELL"
"STEM CELL","PROSTATE STEM CELL"
"STEM CELL","COLONY-FORMING CELL"
"STEM CELL","NEUTROPHIL"
"STEM CELL","ENDOTHELIAL CELL"
"STEM CELL","NEUROENDOCRINE CELL"
"STEM CELL","LNCAP CELL"
"STEM CELL","DENTATE GRANULE CELL"
"STEM CELL","SMOOTH MUSCLE CELL"
"STEM CELL","MESENCHYMAL CELL"
"STEM CELL","NATURAL KILLER CELL"
"STEM CELL","EARLY TRANSIT-AMPLIFYING PROSTATE EPITHELIAL CELL"
"STEM CELL","LATE TRANSIT-AMPLIFYING PROSTATE EPITHELIAL CELL"
"STEM CELL","CANCER-ASSOCIATED FIBROBLAST"
"T CELL","CANCER STEM CELL"
"T CELL","PROGENITOR CELL"
"T CELL","LUMINAL EPITHELIAL CELL"
"T CELL","PLASMA CELL"
"T CELL","CANCER CELL"
"T CELL","EPITHELIAL CELL"
"T CELL","LUMINAL CELL"
"T CELL","FIBROBLAST"
"T CELL","MACROPHAGE"
"T CELL","MYELOID CELL"
"T CELL","B CELL"
"T CELL","NEURON"
"T CELL","BASAL CELL"
"T CELL","STEM CELL"
"T CELL","PROSTATE STEM CELL"
"T CELL","COLONY-FORMING CELL"
"T CELL","NEUTROPHIL"
"T CELL","ENDOTHELIAL CELL"
"T CELL","NEUROENDOCRINE CELL"
"T CELL","LNCAP CELL"
"T CELL","DENTATE GRANULE CELL"
"T CELL","SMOOTH MUSCLE CELL"
"T CELL","MESENCHYMAL CELL"
"T CELL","NATURAL KILLER CELL"
"T CELL","EARLY TRANSIT-AMPLIFYING PROSTATE EPITHELIAL CELL"
"T CELL","LATE TRANSIT-AMPLIFYING PROSTATE EPITHELIAL CELL"
"T CELL","CANCER-ASSOCIATED FIBROBLAST"
"PROSTATE STEM CELL","CANCER STEM CELL"
"PROSTATE STEM CELL","PROGENITOR CELL"
"PROSTATE STEM CELL","LUMINAL EPITHELIAL CELL"
"PROSTATE STEM CELL","PLASMA CELL"
"PROSTATE STEM CELL","CANCER CELL"
"PROSTATE STEM CELL","EPITHELIAL CELL"
"PROSTATE STEM CELL","LUMINAL CELL"
"PROSTATE STEM CELL","FIBROBLAST"
"PROSTATE STEM CELL","MACROPHAGE"
"PROSTATE STEM CELL","MYELOID CELL"
"PROSTATE STEM CELL","B CELL"
"PROSTATE STEM CELL","NEURON"
"PROSTATE STEM CELL","BASAL CELL"
"PROSTATE STEM CELL","STEM CELL"
"PROSTATE STEM CELL","T CELL"
"PROSTATE STEM CELL","COLONY-FORMING CELL"
"PROSTATE STEM CELL","NEUTROPHIL"
"PROSTATE STEM CELL","ENDOTHELIAL CELL"
"PROSTATE STEM CELL","NEUROENDOCRINE CELL"
"PROSTATE STEM CELL","LNCAP CELL"
"PROSTATE STEM CELL","DENTATE GRANULE CELL"
"PROSTATE STEM CELL","SMOOTH MUSCLE CELL"
"PROSTATE STEM CELL","MESENCHYMAL CELL"
"PROSTATE STEM CELL","NATURAL KILLER CELL"
"PROSTATE STEM CELL","EARLY TRANSIT-AMPLIFYING PROSTATE EPITHELIAL CELL"
"PROSTATE STEM CELL","LATE TRANSIT-AMPLIFYING PROSTATE EPITHELIAL CELL"
"PROSTATE STEM CELL","CANCER-ASSOCIATED FIBROBLAST"
"COLONY-FORMING CELL","CANCER STEM CELL"
"COLONY-FORMING CELL","PROGENITOR CELL"
"COLONY-FORMING CELL","LUMINAL EPITHELIAL CELL"
"COLONY-FORMING CELL","PLASMA CELL"
"COLONY-FORMING CELL","CANCER CELL"
"COLONY-FORMING CELL","EPITHELIAL CELL"
"COLONY-FORMING CELL","LUMINAL CELL"
"COLONY-FORMING CELL","FIBROBLAST"
"COLONY-FORMING CELL","MACROPHAGE"
"COLONY-FORMING CELL","MYELOID CELL"
"COLONY-FORMING CELL","B CELL"
"COLONY-FORMING CELL","NEURON"
"COLONY-FORMING CELL","BASAL CELL"
"COLONY-FORMING CELL","STEM CELL"
"COLONY-FORMING CELL","T CELL"
"COLONY-FORMING CELL","PROSTATE STEM CELL"
"COLONY-FORMING CELL","NEUTROPHIL"
"COLONY-FORMING CELL","ENDOTHELIAL CELL"
"COLONY-FORMING CELL","NEUROENDOCRINE CELL"
"COLONY-FORMING CELL","LNCAP CELL"
"COLONY-FORMING CELL","DENTATE GRANULE CELL"
"COLONY-FORMING CELL","SMOOTH MUSCLE CELL"
"COLONY-FORMING CELL","MESENCHYMAL CELL"
"COLONY-FORMING CELL","NATURAL KILLER CELL"
"COLONY-FORMING CELL","EARLY TRANSIT-AMPLIFYING PROSTATE EPITHELIAL CELL"
"COLONY-FORMING CELL","LATE TRANSIT-AMPLIFYING PROSTATE EPITHELIAL CELL"
"COLONY-FORMING CELL","CANCER-ASSOCIATED FIBROBLAST"
"NEUTROPHIL","CANCER STEM CELL"
"NEUTROPHIL","PROGENITOR CELL"
"NEUTROPHIL","LUMINAL EPITHELIAL CELL"
"NEUTROPHIL","PLASMA CELL"
"NEUTROPHIL","CANCER CELL"
"NEUTROPHIL","EPITHELIAL CELL"
"NEUTROPHIL","LUMINAL CELL"
"NEUTROPHIL","FIBROBLAST"
"NEUTROPHIL","MACROPHAGE"
"NEUTROPHIL","MYELOID CELL"
"NEUTROPHIL","B CELL"
"NEUTROPHIL","NEURON"
"NEUTROPHIL","BASAL CELL"
"NEUTROPHIL","STEM CELL"
"NEUTROPHIL","T CELL"
"NEUTROPHIL","PROSTATE STEM CELL"
"NEUTROPHIL","COLONY-FORMING CELL"
"NEUTROPHIL","ENDOTHELIAL CELL"
"NEUTROPHIL","NEUROENDOCRINE CELL"
"NEUTROPHIL","LNCAP CELL"
"NEUTROPHIL","DENTATE GRANULE CELL"
"NEUTROPHIL","SMOOTH MUSCLE CELL"
"NEUTROPHIL","MESENCHYMAL CELL"
"NEUTROPHIL","NATURAL KILLER CELL"
"NEUTROPHIL","EARLY TRANSIT-AMPLIFYING PROSTATE EPITHELIAL CELL"
"NEUTROPHIL","LATE TRANSIT-AMPLIFYING PROSTATE EPITHELIAL CELL"
"NEUTROPHIL","CANCER-ASSOCIATED FIBROBLAST"
"ENDOTHELIAL CELL","CANCER STEM CELL"
"ENDOTHELIAL CELL","PROGENITOR CELL"
"ENDOTHELIAL CELL","LUMINAL EPITHELIAL CELL"
"ENDOTHELIAL CELL","PLASMA CELL"
"ENDOTHELIAL CELL","CANCER CELL"
"ENDOTHELIAL CELL","EPITHELIAL CELL"
"ENDOTHELIAL CELL","LUMINAL CELL"
"ENDOTHELIAL CELL","FIBROBLAST"
"ENDOTHELIAL CELL","MACROPHAGE"
"ENDOTHELIAL CELL","MYELOID CELL"
"ENDOTHELIAL CELL","B CELL"
"ENDOTHELIAL CELL","NEURON"
"ENDOTHELIAL CELL","BASAL CELL"
"ENDOTHELIAL CELL","STEM CELL"
"ENDOTHELIAL CELL","T CELL"
"ENDOTHELIAL CELL","PROSTATE STEM CELL"
"ENDOTHELIAL CELL","COLONY-FORMING CELL"
"ENDOTHELIAL CELL","NEUTROPHIL"
"ENDOTHELIAL CELL","NEUROENDOCRINE CELL"
"ENDOTHELIAL CELL","LNCAP CELL"
"ENDOTHELIAL CELL","DENTATE GRANULE CELL"
"ENDOTHELIAL CELL","SMOOTH MUSCLE CELL"
"ENDOTHELIAL CELL","MESENCHYMAL CELL"
"ENDOTHELIAL CELL","NATURAL KILLER CELL"
"ENDOTHELIAL CELL","EARLY TRANSIT-AMPLIFYING PROSTATE EPITHELIAL CELL"
"ENDOTHELIAL CELL","LATE TRANSIT-AMPLIFYING PROSTATE EPITHELIAL CELL"
"ENDOTHELIAL CELL","CANCER-ASSOCIATED FIBROBLAST"
"NEUROENDOCRINE CELL","CANCER STEM CELL"
"NEUROENDOCRINE CELL","PROGENITOR CELL"
"NEUROENDOCRINE CELL","LUMINAL EPITHELIAL CELL"
"NEUROENDOCRINE CELL","PLASMA CELL"
"NEUROENDOCRINE CELL","CANCER CELL"
"NEUROENDOCRINE CELL","EPITHELIAL CELL"
"NEUROENDOCRINE CELL","LUMINAL CELL"
"NEUROENDOCRINE CELL","FIBROBLAST"
"NEUROENDOCRINE CELL","MACROPHAGE"
"NEUROENDOCRINE CELL","MYELOID CELL"
"NEUROENDOCRINE CELL","B CELL"
"NEUROENDOCRINE CELL","NEURON"
"NEUROENDOCRINE CELL","BASAL CELL"
"NEUROENDOCRINE CELL","STEM CELL"
"NEUROENDOCRINE CELL","T CELL"
"NEUROENDOCRINE CELL","PROSTATE STEM CELL"
"NEUROENDOCRINE CELL","COLONY-FORMING CELL"
"NEUROENDOCRINE CELL","NEUTROPHIL"
"NEUROENDOCRINE CELL","ENDOTHELIAL CELL"
"NEUROENDOCRINE CELL","LNCAP CELL"
"NEUROENDOCRINE CELL","DENTATE GRANULE CELL"
"NEUROENDOCRINE CELL","SMOOTH MUSCLE CELL"
"NEUROENDOCRINE CELL","MESENCHYMAL CELL"
"NEUROENDOCRINE CELL","NATURAL KILLER CELL"
"NEUROENDOCRINE CELL","EARLY TRANSIT-AMPLIFYING PROSTATE EPITHELIAL CELL"
"NEUROENDOCRINE CELL","LATE TRANSIT-AMPLIFYING PROSTATE EPITHELIAL CELL"
"NEUROENDOCRINE CELL","CANCER-ASSOCIATED FIBROBLAST"
"LNCAP CELL","CANCER STEM CELL"
"LNCAP CELL","PROGENITOR CELL"
"LNCAP CELL","LUMINAL EPITHELIAL CELL"
"LNCAP CELL","PLASMA CELL"
"LNCAP CELL","CANCER CELL"
"LNCAP CELL","EPITHELIAL CELL"
"LNCAP CELL","LUMINAL CELL"
"LNCAP CELL","FIBROBLAST"
"LNCAP CELL","MACROPHAGE"
"LNCAP CELL","MYELOID CELL"
"LNCAP CELL","B CELL"
"LNCAP CELL","NEURON"
"LNCAP CELL","BASAL CELL"
"LNCAP CELL","STEM CELL"
"LNCAP CELL","T CELL"
"LNCAP CELL","PROSTATE STEM CELL"
"LNCAP CELL","COLONY-FORMING CELL"
"LNCAP CELL","NEUTROPHIL"
"LNCAP CELL","ENDOTHELIAL CELL"
"LNCAP CELL","NEUROENDOCRINE CELL"
"LNCAP CELL","DENTATE GRANULE CELL"
"LNCAP CELL","SMOOTH MUSCLE CELL"
"LNCAP CELL","MESENCHYMAL CELL"
"LNCAP CELL","NATURAL KILLER CELL"
"LNCAP CELL","EARLY TRANSIT-AMPLIFYING PROSTATE EPITHELIAL CELL"
"LNCAP CELL","LATE TRANSIT-AMPLIFYING PROSTATE EPITHELIAL CELL"
"LNCAP CELL","CANCER-ASSOCIATED FIBROBLAST"
"DENTATE GRANULE CELL","CANCER STEM CELL"
"DENTATE GRANULE CELL","PROGENITOR CELL"
"DENTATE GRANULE CELL","LUMINAL EPITHELIAL CELL"
"DENTATE GRANULE CELL","PLASMA CELL"
"DENTATE GRANULE CELL","CANCER CELL"
"DENTATE GRANULE CELL","EPITHELIAL CELL"
"DENTATE GRANULE CELL","LUMINAL CELL"
"DENTATE GRANULE CELL","FIBROBLAST"
"DENTATE GRANULE CELL","MACROPHAGE"
"DENTATE GRANULE CELL","MYELOID CELL"
"DENTATE GRANULE CELL","B CELL"
"DENTATE GRANULE CELL","NEURON"
"DENTATE GRANULE CELL","BASAL CELL"
"DENTATE GRANULE CELL","STEM CELL"
"DENTATE GRANULE CELL","T CELL"
"DENTATE GRANULE CELL","PROSTATE STEM CELL"
"DENTATE GRANULE CELL","COLONY-FORMING CELL"
"DENTATE GRANULE CELL","NEUTROPHIL"
"DENTATE GRANULE CELL","ENDOTHELIAL CELL"
"DENTATE GRANULE CELL","NEUROENDOCRINE CELL"
"DENTATE GRANULE CELL","LNCAP CELL"
"DENTATE GRANULE CELL","SMOOTH MUSCLE CELL"
"DENTATE GRANULE CELL","MESENCHYMAL CELL"
"DENTATE GRANULE CELL","NATURAL KILLER CELL"
"DENTATE GRANULE CELL","EARLY TRANSIT-AMPLIFYING PROSTATE EPITHELIAL CELL"
"DENTATE GRANULE CELL","LATE TRANSIT-AMPLIFYING PROSTATE EPITHELIAL CELL"
"DENTATE GRANULE CELL","CANCER-ASSOCIATED FIBROBLAST"
"SMOOTH MUSCLE CELL","CANCER STEM CELL"
"SMOOTH MUSCLE CELL","PROGENITOR CELL"
"SMOOTH MUSCLE CELL","LUMINAL EPITHELIAL CELL"
"SMOOTH MUSCLE CELL","PLASMA CELL"
"SMOOTH MUSCLE CELL","CANCER CELL"
"SMOOTH MUSCLE CELL","EPITHELIAL CELL"
"SMOOTH MUSCLE CELL","LUMINAL CELL"
"SMOOTH MUSCLE CELL","FIBROBLAST"
"SMOOTH MUSCLE CELL","MACROPHAGE"
"SMOOTH MUSCLE CELL","MYELOID CELL"
"SMOOTH MUSCLE CELL","B CELL"
"SMOOTH MUSCLE CELL","NEURON"
"SMOOTH MUSCLE CELL","BASAL CELL"
"SMOOTH MUSCLE CELL","STEM CELL"
"SMOOTH MUSCLE CELL","T CELL"
"SMOOTH MUSCLE CELL","PROSTATE STEM CELL"
"SMOOTH MUSCLE CELL","COLONY-FORMING CELL"
"SMOOTH MUSCLE CELL","NEUTROPHIL"
"SMOOTH MUSCLE CELL","ENDOTHELIAL CELL"
"SMOOTH MUSCLE CELL","NEUROENDOCRINE CELL"
"SMOOTH MUSCLE CELL","LNCAP CELL"
"SMOOTH MUSCLE CELL","DENTATE GRANULE CELL"
"SMOOTH MUSCLE CELL","MESENCHYMAL CELL"
"SMOOTH MUSCLE CELL","NATURAL KILLER CELL"
"SMOOTH MUSCLE CELL","EARLY TRANSIT-AMPLIFYING PROSTATE EPITHELIAL CELL"
"SMOOTH MUSCLE CELL","LATE TRANSIT-AMPLIFYING PROSTATE EPITHELIAL CELL"
"SMOOTH MUSCLE CELL","CANCER-ASSOCIATED FIBROBLAST"
"MESENCHYMAL CELL","CANCER STEM CELL"
"MESENCHYMAL CELL","PROGENITOR CELL"
"MESENCHYMAL CELL","LUMINAL EPITHELIAL CELL"
"MESENCHYMAL CELL","PLASMA CELL"
"MESENCHYMAL CELL","CANCER CELL"
"MESENCHYMAL CELL","EPITHELIAL CELL"
"MESENCHYMAL CELL","LUMINAL CELL"
"MESENCHYMAL CELL","FIBROBLAST"
"MESENCHYMAL CELL","MACROPHAGE"
"MESENCHYMAL CELL","MYELOID CELL"
"MESENCHYMAL CELL","B CELL"
"MESENCHYMAL CELL","NEURON"
"MESENCHYMAL CELL","BASAL CELL"
"MESENCHYMAL CELL","STEM CELL"
"MESENCHYMAL CELL","T CELL"
"MESENCHYMAL CELL","PROSTATE STEM CELL"
"MESENCHYMAL CELL","COLONY-FORMING CELL"
"MESENCHYMAL CELL","NEUTROPHIL"
"MESENCHYMAL CELL","ENDOTHELIAL CELL"
"MESENCHYMAL CELL","NEUROENDOCRINE CELL"
"MESENCHYMAL CELL","LNCAP CELL"
"MESENCHYMAL CELL","DENTATE GRANULE CELL"
"MESENCHYMAL CELL","SMOOTH MUSCLE CELL"
"MESENCHYMAL CELL","NATURAL KILLER CELL"
"MESENCHYMAL CELL","EARLY TRANSIT-AMPLIFYING PROSTATE EPITHELIAL CELL"
"MESENCHYMAL CELL","LATE TRANSIT-AMPLIFYING PROSTATE EPITHELIAL CELL"
"MESENCHYMAL CELL","CANCER-ASSOCIATED FIBROBLAST"
"NATURAL KILLER CELL","CANCER STEM CELL"
"NATURAL KILLER CELL","PROGENITOR CELL"
"NATURAL KILLER CELL","LUMINAL EPITHELIAL CELL"
"NATURAL KILLER CELL","PLASMA CELL"
"NATURAL KILLER CELL","CANCER CELL"
"NATURAL KILLER CELL","EPITHELIAL CELL"
"NATURAL KILLER CELL","LUMINAL CELL"
"NATURAL KILLER CELL","FIBROBLAST"
"NATURAL KILLER CELL","MACROPHAGE"
"NATURAL KILLER CELL","MYELOID CELL"
"NATURAL KILLER CELL","B CELL"
"NATURAL KILLER CELL","NEURON"
"NATURAL KILLER CELL","BASAL CELL"
"NATURAL KILLER CELL","STEM CELL"
"NATURAL KILLER CELL","T CELL"
"NATURAL KILLER CELL","PROSTATE STEM CELL"
"NATURAL KILLER CELL","COLONY-FORMING CELL"
"NATURAL KILLER CELL","NEUTROPHIL"
"NATURAL KILLER CELL","ENDOTHELIAL CELL"
"NATURAL KILLER CELL","NEUROENDOCRINE CELL"
"NATURAL KILLER CELL","LNCAP CELL"
"NATURAL KILLER CELL","DENTATE GRANULE CELL"
"NATURAL KILLER CELL","SMOOTH MUSCLE CELL"
"NATURAL KILLER CELL","MESENCHYMAL CELL"
"NATURAL KILLER CELL","EARLY TRANSIT-AMPLIFYING PROSTATE EPITHELIAL CELL"
"NATURAL KILLER CELL","LATE TRANSIT-AMPLIFYING PROSTATE EPITHELIAL CELL"
"NATURAL KILLER CELL","CANCER-ASSOCIATED FIBROBLAST"
"EARLY TRANSIT-AMPLIFYING PROSTATE EPITHELIAL CELL","CANCER STEM CELL"
"EARLY TRANSIT-AMPLIFYING PROSTATE EPITHELIAL CELL","PROGENITOR CELL"
"EARLY TRANSIT-AMPLIFYING PROSTATE EPITHELIAL CELL","LUMINAL EPITHELIAL CELL"
"EARLY TRANSIT-AMPLIFYING PROSTATE EPITHELIAL CELL","PLASMA CELL"
"EARLY TRANSIT-AMPLIFYING PROSTATE EPITHELIAL CELL","CANCER CELL"
"EARLY TRANSIT-AMPLIFYING PROSTATE EPITHELIAL CELL","EPITHELIAL CELL"
"EARLY TRANSIT-AMPLIFYING PROSTATE EPITHELIAL CELL","LUMINAL CELL"
"EARLY TRANSIT-AMPLIFYING PROSTATE EPITHELIAL CELL","FIBROBLAST"
"EARLY TRANSIT-AMPLIFYING PROSTATE EPITHELIAL CELL","MACROPHAGE"
"EARLY TRANSIT-AMPLIFYING PROSTATE EPITHELIAL CELL","MYELOID CELL"
"EARLY TRANSIT-AMPLIFYING PROSTATE EPITHELIAL CELL","B CELL"
"EARLY TRANSIT-AMPLIFYING PROSTATE EPITHELIAL CELL","NEURON"
"EARLY TRANSIT-AMPLIFYING PROSTATE EPITHELIAL CELL","BASAL CELL"
"EARLY TRANSIT-AMPLIFYING PROSTATE EPITHELIAL CELL","STEM CELL"
"EARLY TRANSIT-AMPLIFYING PROSTATE EPITHELIAL CELL","T CELL"
"EARLY TRANSIT-AMPLIFYING PROSTATE EPITHELIAL CELL","PROSTATE STEM CELL"
"EARLY TRANSIT-AMPLIFYING PROSTATE EPITHELIAL CELL","COLONY-FORMING CELL"
"EARLY TRANSIT-AMPLIFYING PROSTATE EPITHELIAL CELL","NEUTROPHIL"
"EARLY TRANSIT-AMPLIFYING PROSTATE EPITHELIAL CELL","ENDOTHELIAL CELL"
"EARLY TRANSIT-AMPLIFYING PROSTATE EPITHELIAL CELL","NEUROENDOCRINE CELL"
"EARLY TRANSIT-AMPLIFYING PROSTATE EPITHELIAL CELL","LNCAP CELL"
"EARLY TRANSIT-AMPLIFYING PROSTATE EPITHELIAL CELL","DENTATE GRANULE CELL"
"EARLY TRANSIT-AMPLIFYING PROSTATE EPITHELIAL CELL","SMOOTH MUSCLE CELL"
"EARLY TRANSIT-AMPLIFYING PROSTATE EPITHELIAL CELL","MESENCHYMAL CELL"
"EARLY TRANSIT-AMPLIFYING PROSTATE EPITHELIAL CELL","NATURAL KILLER CELL"
"EARLY TRANSIT-AMPLIFYING PROSTATE EPITHELIAL CELL","LATE TRANSIT-AMPLIFYING PROSTATE EPITHELIAL CELL"
"EARLY TRANSIT-AMPLIFYING PROSTATE EPITHELIAL CELL","CANCER-ASSOCIATED FIBROBLAST"
"LATE TRANSIT-AMPLIFYING PROSTATE EPITHELIAL CELL","CANCER STEM CELL"
"LATE TRANSIT-AMPLIFYING PROSTATE EPITHELIAL CELL","PROGENITOR CELL"
"LATE TRANSIT-AMPLIFYING PROSTATE EPITHELIAL CELL","LUMINAL EPITHELIAL CELL"
"LATE TRANSIT-AMPLIFYING PROSTATE EPITHELIAL CELL","PLASMA CELL"
"LATE TRANSIT-AMPLIFYING PROSTATE EPITHELIAL CELL","CANCER CELL"
"LATE TRANSIT-AMPLIFYING PROSTATE EPITHELIAL CELL","EPITHELIAL CELL"
"LATE TRANSIT-AMPLIFYING PROSTATE EPITHELIAL CELL","LUMINAL CELL"
"LATE TRANSIT-AMPLIFYING PROSTATE EPITHELIAL CELL","FIBROBLAST"
"LATE TRANSIT-AMPLIFYING PROSTATE EPITHELIAL CELL","MACROPHAGE"
"LATE TRANSIT-AMPLIFYING PROSTATE EPITHELIAL CELL","MYELOID CELL"
"LATE TRANSIT-AMPLIFYING PROSTATE EPITHELIAL CELL","B CELL"
"LATE TRANSIT-AMPLIFYING PROSTATE EPITHELIAL CELL","NEURON"
"LATE TRANSIT-AMPLIFYING PROSTATE EPITHELIAL CELL","BASAL CELL"
"LATE TRANSIT-AMPLIFYING PROSTATE EPITHELIAL CELL","STEM CELL"
"LATE TRANSIT-AMPLIFYING PROSTATE EPITHELIAL CELL","T CELL"
"LATE TRANSIT-AMPLIFYING PROSTATE EPITHELIAL CELL","PROSTATE STEM CELL"
"LATE TRANSIT-AMPLIFYING PROSTATE EPITHELIAL CELL","COLONY-FORMING CELL"
"LATE TRANSIT-AMPLIFYING PROSTATE EPITHELIAL CELL","NEUTROPHIL"
"LATE TRANSIT-AMPLIFYING PROSTATE EPITHELIAL CELL","ENDOTHELIAL CELL"
"LATE TRANSIT-AMPLIFYING PROSTATE EPITHELIAL CELL","NEUROENDOCRINE CELL"
"LATE TRANSIT-AMPLIFYING PROSTATE EPITHELIAL CELL","LNCAP CELL"
"LATE TRANSIT-AMPLIFYING PROSTATE EPITHELIAL CELL","DENTATE GRANULE CELL"
"LATE TRANSIT-AMPLIFYING PROSTATE EPITHELIAL CELL","SMOOTH MUSCLE CELL"
"LATE TRANSIT-AMPLIFYING PROSTATE EPITHELIAL CELL","MESENCHYMAL CELL"
"LATE TRANSIT-AMPLIFYING PROSTATE EPITHELIAL CELL","NATURAL KILLER CELL"
"LATE TRANSIT-AMPLIFYING PROSTATE EPITHELIAL CELL","EARLY TRANSIT-AMPLIFYING PROSTATE EPITHELIAL CELL"
"LATE TRANSIT-AMPLIFYING PROSTATE EPITHELIAL CELL","CANCER-ASSOCIATED FIBROBLAST"
"CANCER-ASSOCIATED FIBROBLAST","CANCER STEM CELL"
"CANCER-ASSOCIATED FIBROBLAST","PROGENITOR CELL"
"CANCER-ASSOCIATED FIBROBLAST","LUMINAL EPITHELIAL CELL"
"CANCER-ASSOCIATED FIBROBLAST","PLASMA CELL"
"CANCER-ASSOCIATED FIBROBLAST","CANCER CELL"
"CANCER-ASSOCIATED FIBROBLAST","EPITHELIAL CELL"
"CANCER-ASSOCIATED FIBROBLAST","LUMINAL CELL"
"CANCER-ASSOCIATED FIBROBLAST","FIBROBLAST"
"CANCER-ASSOCIATED FIBROBLAST","MACROPHAGE"
"CANCER-ASSOCIATED FIBROBLAST","MYELOID CELL"
"CANCER-ASSOCIATED FIBROBLAST","B CELL"
"CANCER-ASSOCIATED FIBROBLAST","NEURON"
"CANCER-ASSOCIATED FIBROBLAST","BASAL CELL"
"CANCER-ASSOCIATED FIBROBLAST","STEM CELL"
"CANCER-ASSOCIATED FIBROBLAST","T CELL"
"CANCER-ASSOCIATED FIBROBLAST","PROSTATE STEM CELL"
"CANCER-ASSOCIATED FIBROBLAST","COLONY-FORMING CELL"
"CANCER-ASSOCIATED FIBROBLAST","NEUTROPHIL"
"CANCER-ASSOCIATED FIBROBLAST","ENDOTHELIAL CELL"
"CANCER-ASSOCIATED FIBROBLAST","NEUROENDOCRINE CELL"
"CANCER-ASSOCIATED FIBROBLAST","LNCAP CELL"
"CANCER-ASSOCIATED FIBROBLAST","DENTATE GRANULE CELL"
"CANCER-ASSOCIATED FIBROBLAST","SMOOTH MUSCLE CELL"
"CANCER-ASSOCIATED FIBROBLAST","MESENCHYMAL CELL"
"CANCER-ASSOCIATED FIBROBLAST","NATURAL KILLER CELL"
"CANCER-ASSOCIATED FIBROBLAST","EARLY TRANSIT-AMPLIFYING PROSTATE EPITHELIAL CELL"
"CANCER-ASSOCIATED FIBROBLAST","LATE TRANSIT-AMPLIFYING PROSTATE EPITHELIAL CELL"
