ENDOTHELIUM,EPITHELIUM
ENDOTHELIUM,FIBROBLAST
ENDOTHELIUM,LYMPHOCYTE
ENDOTHELIUM,MYELOID
ENDOTHELIUM,PLASMA
EPITHELIUM,ENDOTHELIUM
EPITHELIUM,FIBROBLAST
EPITHELIUM,LYMPHOCYTE
EPITHELIUM,MYELOID
EPITHELIUM,PLASMA
FIBROBLAST,ENDOTHELIUM
FIBROBLAST,EPITHELIUM
FIBROBLAST,LYMPHOCYTE
FIBROBLAST,MYELOID
FIBROBLAST,PLASMA
LYMPHOCYTE,ENDOTHELIUM
LYMPHOCYTE,EPITHELIUM
LYMPHOCYTE,FIBROBLAST
LYMPHOCYTE,MYELOID
LYMPHOCYTE,PLASMA
MYELOID,ENDOTHELIUM
MYELOID,EPITHELIUM
MYELOID,FIBROBLAST
MYELOID,LYMPHOCYTE
MYELOID,PLASMA
PLASMA,ENDOTHELIUM
PLASMA,EPITHELIUM
PLASMA,FIBROBLAST
PLASMA,LYMPHOCYTE
PLASMA,MYELOID
